gene,barcode,r0,r1,r2,r3,r4,r5,r6
1500009L16Rik,TGAACGTATATCACCGGTCA,0,1,2,3,4,5,6
1700020I14Rik,GATCGACTCGGTACTCTTCG,1,2,3,4,5,6,0
2900055J20Rik,GTTCTTCGGTATAACGACGC,2,3,4,5,6,0,1
3110035E14Rik,TAATTTTATGACACCGGGCA,3,4,5,6,0,1,2
4921539H07Rik,TTAAGACCGATTTAGGTGCC,4,5,6,0,1,2,3
6330403A02Rik,GTCGGAATTGGCAGTAAGTC,5,6,0,1,2,3,4
6330403K07Rik,GATTAAATCTCGCCGGTGAC,6,0,1,2,3,4,5
A230065H16Rik,GAATTATAGACCCGGCACTT,0,2,4,6,1,3,5
A730017C20Rik,CATCGTAAGCCACGTGATTC,1,3,5,0,2,4,6
Abhd11os,GCTCACGTGATTTGATCCAC,2,4,6,1,3,5,0
Abi3bp,TTTACGACTGGACGGATCTC,3,5,0,2,4,6,1
Actr3b,GGGTTGATCGTCATTTCTCG,4,6,1,3,5,0,2
Adarb2,CGTATGAAGTCTCGGTAACC,5,0,2,4,6,1,3
Adcy1,GGTCCTTTAAACCCGTCATA,6,1,3,5,0,2,4
Adcyap1,ATGCAACTTACGCGAAAGTC,0,3,6,2,5,1,4
Adora2a,TAGTGGGACTTATCCGAAGA,1,4,0,3,6,2,5
Adra1b,CCGTCATCGCAATTCAACAA,2,5,1,4,0,3,6
Adra2a,CCTCTTAACAAGCGGTTGTT,3,6,2,5,1,4,0
Afp,GCTGTTAACTTTTCCGCAGA,4,0,3,6,2,5,1
AI593442,AAAATTGCGAATCCCAACCT,5,1,4,0,3,6,2
Ak5,CGTGAAAGACCGTACTAACC,6,2,5,1,4,0,3
Aldh1a1,GTAGAGTTTTACCGAGTGCG,0,4,1,5,2,6,3
Aldh3b2,TGTAGTTACCGACATTACCG,1,5,2,6,3,0,4
Aldoa,GCACTGGTATCGGTGAAAAT,2,6,3,0,4,1,5
Aldoc,TCGGATAATCGGTTCCTTCA,3,0,4,1,5,2,6
Amigo2,GTTAATTCTACGGACGTCGC,4,1,5,2,6,3,0
Amn,GGTACGTATCGATAAGCTCC,5,2,6,3,0,4,1
Ap1s2,TTATAGATAGGTTGCGTGCC,6,3,0,4,1,5,2
Apoe,CCGTCGCTCTGAGTATATGT,0,5,3,1,6,4,2
App,TCCAGTAATTTGGCGAAAGG,1,6,4,2,0,5,3
Arc,ACGGCTATATGTATCAAGGG,2,0,5,3,1,6,4
Arhgap36,TCGCTCGTTCATCGGTATAT,3,1,6,4,2,0,5
Arl4c,TGTGAATCGTCCTGGTAGTC,4,2,0,5,3,1,6
Arpc2,GATCATCGCGTTCGTGAGTA,5,3,1,6,4,2,0
Arpp19,GCTCGCATTCTCCGTTAAAG,6,4,2,0,5,3,1
Arpp21,TTAGGGACTACGCTAGTGTT,0,6,5,4,3,2,1
Asb4,CGATTGAGCTTCGATCGTGA,1,0,6,5,4,3,2
Asic2,GGCTGATCGTCGATCTGTTA,2,1,0,6,5,4,3
Asic4,AGTTTCTTAGCCGCTACGAT,3,2,1,0,6,5,4
Atp1a2,AGAAGTCATTCGCTTACGCT,4,3,2,1,0,6,5
Atp1a3,TAGGTTTTAGACCGCTTGTG,5,4,3,2,1,0,6
Atp1b1,GGTTCTTGTATAGGCCGTAA,6,5,4,3,2,1,0
Atp2b1,GATCTCGTGTTTTGGTCCAG,0,1,4,2,2,4,1
Atp2b2,ATACGCACGTACTGAACAGT,1,2,5,3,3,5,2
Atp2b4,GTTTTATCGGAGATGCGGAG,2,3,6,4,4,6,3
Atp5j,GCGCAGTTTTACTCGGATTT,3,4,0,5,5,0,4
Atp6ap1,ATATTTCTGACGTCGGTGGA,4,5,1,6,6,1,5
Atp6ap1l,TCAAGAGCATCGAGATTCGC,5,6,2,0,0,2,6
Atp6ap2,AACTTTTGCGTCGCATTCAG,6,0,3,1,1,3,0
Atp6v0d1,TATTTCGTTAACCCTGACCG,0,2,6,5,6,2,0
AW551984,TCGCGGTAAATGATCGATCT,1,3,0,6,0,3,1
Nts,AAATTCGGATGATCGGGTTC,2,4,1,0,1,4,2
Ntsr1,ACTTATGTCGCAGATTGCCT,3,5,2,1,2,5,3
Nwd2,GCAGTCGTAAGTCACGTTCT,4,6,3,2,3,6,4
Nxn,ATTATGATTCGTTAGCGCGC,5,0,4,3,4,0,5
Nxph1,TCACTTGAGGCGTATCAGTG,6,1,5,4,5,1,6
Nxph3,TAAAACACGTTAGCGGATCG,0,3,1,1,3,0,6
Nxph4,GATGCGGTATACCTCCATTA,1,4,2,2,4,1,0
Oaz1,GACTGTTTATAGCCGCCAAT,2,5,3,3,5,2,1
Ogfrl1,GCTTTTAGTCCGATTGCCAA,3,6,4,4,6,3,2
Olfm1,TACGCTGATTCTGGTATCGT,4,0,5,5,0,4,3
Olfm3,GTACGGGTACATCCAATCAT,5,1,6,6,1,5,4
Olig1,TTATACTCGTACGCGCTCTT,6,2,0,0,2,6,5
Opcml,GCTGTCGTGTTTCACGTTAG,0,4,3,4,0,5,5
Oprk1,CGTACGCTGAACGTGTTTAG,1,5,4,5,1,6,6
Ostf1,AGTTACCAATAGGTTGGGTC,2,6,5,6,2,0,0
Otp,ATGGCACGTTAGTTACGAGA,3,0,6,0,3,1,1
Oxt,AGTATAAGGGCGATGTAACG,4,1,0,1,4,2,2
Oxtr,TTATTTTCCGGAAGCGACTC,5,2,1,2,5,3,3
Pantr1,GCCATTTAGTCAACGACTCG,6,3,2,3,6,4,4
Parm1,GTGGGCTCGATTTATCTAGC,0,5,5,0,4,3,4
Pbx3,GCATTCAAGTATCCCGCTAT,1,6,6,1,5,4,5
Pcdh11x,ATAGCGCTTTTGCTTACCAG,2,0,0,2,6,5,6
Pcdh7,ACTTATCTTGCCTACCGTCT,3,1,1,3,0,6,0
Pcdh8,ACTTTCCTGGCGATACAAAC,4,2,2,4,1,0,1
Pcdh9,CGTTGCTAAGAAGTACGACC,5,3,3,5,2,1,2
Pcp2,TGTTTCAACGCCTTTTCAGG,6,4,4,6,3,2,3
Pcp4,GAACTCGGAGTACACGTCTT,0,6,0,3,1,1,3
Pcp4l1,TATACGCATTGGGTAACGAC,1,0,1,4,2,2,4
Pcsk1n,ACCTCCAATCCTTAGACGAG,2,1,2,5,3,3,5
Pcsk5,CTCACACAACGGTTGTTCAC,3,2,3,6,4,4,6
Pde10a,TTCTAGGTGCGGTAATCTGT,4,3,4,0,5,5,0
Pde1a,TTACTATCTATTTCGGGCGG,5,4,5,1,6,6,1
Pde1c,CAAAGTTGTCCGTGCTTACA,6,5,6,2,0,0,2
Pdyn,ATATGGTATTGGCGATCCAC,0,0,2,6,5,6,2
Pdzd2,ATACTGGGTCTCATGCGTAA,1,1,3,0,6,0,3
Peg10,TTAGAGTGCGTTACATGCGA,2,2,4,1,0,1,4
Penk,ACGCTGTATTCAACGTCTGA,3,3,5,2,1,2,5
Pfn1,AATAATCTGGCGCAAAGGAC,4,4,6,3,2,3,6
Pgr15l,CAGGTAATAGTCGCGTACTC,5,5,0,4,3,4,0
Phlda1,AGGTCGTCGTTCGTAACATT,6,6,1,5,4,5,1
Phlda3,TCACGTATAGTCACGTCGAC,0,2,1,4,4,1,2
Phox2b,TTTACATCGTGTGGTCAACC,1,3,2,5,5,2,3
Pkib,GTTGTTACGTACCTCACGTC,2,4,3,6,6,3,4
Pkig,GTTTTAAAGCGCAACCCATC,3,5,4,0,0,4,5
Plcb4,ATCGTTAGACCTCACTTCCG,4,6,5,1,1,5,6
Plcxd2,AGGACGTTGATCGATTCTCC,5,0,6,2,2,6,0
Pld3,CTTCGTACATTACGACAGGG,6,1,0,3,3,0,1
Pld5,CTGTTAACGTATAGCCTGCA,0,3,3,0,1,6,1
Plp1,TATTCAAGTTCGGAAACGCC,1,4,4,1,2,0,2
Plppr4,GACGTATCTATTAGGGGCAG,2,5,5,2,3,1,3
Pmch,GTTCGCGTAGGATAACTGAG,3,6,6,3,4,2,4
Pmp22,TCGATTGCGTAACCTGAGTA,4,0,0,4,5,3,5
Pnck,TGTCACACCTCACGAAGTTA,5,1,1,5,6,4,6
Pnmal1,TGATAGGCTATTCGAGGGTA,6,2,2,6,0,5,0
Pnoc,TGGACTTATAGCACGGTTTC,0,4,5,3,5,4,0
Postn,CCTGATAGACACGATCCACT,1,5,6,4,6,5,1
Pou2f2,TTGGAGCGACTTTTACCAAC,2,6,0,5,0,6,2
Pou3f1,TCGTATTGAGTCTTCGCCTT,3,0,1,6,1,0,3
Pou3f2,TTCTATAGCGAGAGCACCTG,4,1,2,0,2,1,4
Pou4f1,TATGTCAAATAGCGGTCACC,5,2,3,1,3,2,5
Ppargc1a,TTTTAGTTACGGATGTCCGC,6,3,4,2,4,3,6
Ppp1r1a,GTGACGGTAAGTGCGAATTC,0,5,0,6,2,2,6
Ppp1r1b,TATCTCCTGAAAGCGAGACG,1,6,1,0,3,3,0
Ppp1r2,CCCGTAGATTACCGGTTATA,2,0,2,1,4,4,1
Ppp3ca,AACGTTACTAGAAGCGTGCT,3,1,3,2,5,5,2
Prdx5,TCATCTATCCGAATACGGGT,4,2,4,3,6,6,3
Prima1,GCTCGTTACTTGGTCGATAC,5,3,5,4,0,0,4
Prkca,ACGCTCCACTCATTCGATTA,6,4,6,5,1,1,5
Prkcd,CGGTTCGGAACTAATCCTTT,0,6,2,2,6,0,5
Prkcg,GGCCGTCATGTTCTCAATAA,1,0,3,3,0,1,6
Prkcq,AAGATTCTTTCACGCCTGGA,2,1,4,4,1,2,0
Prlr,TAGTTGCGTCGTGACATGTA,3,2,5,5,2,3,1
Prok2,GTCGTTACGGCCTCTAAATT,4,3,6,6,3,4,2
Prph,GATATCATCCGCGGTTTGAG,5,4,0,0,4,5,3
Prss12,GATATAATCCTCGTGGCTGC,6,5,1,1,5,6,4
Prune2,GGCGTAATATTTTACGGGTC,0,0,4,5,3,5,4
Ptgds,CTCGTGCCGTGAAACTTTAA,1,1,5,6,4,6,5
Pthlh,CCAGACTGTGCTCGTTATCT,2,2,6,0,5,0,6
Ptk2b,AATGGATACCCGTCTGAGTT,3,3,0,1,6,1,0
Ptma,GTACGGTAATCCACAAGCTA,4,4,1,2,0,2,1
Ptn,TATATCGTATCTTTCGCCGG,5,5,2,3,1,3,2
Ptpru,TCATAGCTTTCACGTCCCTA,6,6,3,4,2,4,3
Pura,TCTAATGTCGTGGATAGCGA,0,1,6,1,0,3,3
Pvalb,ATGACACGCTGCGAAAGATA,1,2,0,2,1,4,4
Qpct,TAATCAAGCATTCGTTCGGG,2,3,1,3,2,5,5
Rab3b,GTGAACTGTCGAAGGCAATG,3,4,2,4,3,6,6
Rab3c,GATATTCGGATCTTGGCTCG,4,5,3,5,4,0,0
Ralyl,CTATATTGGTTCACCGCGAT,5,6,4,6,5,1,1
Ramp1,GTATATCACAACCGTGACGC,6,0,5,0,6,2,2
Ramp3,AAAACCATATACAGCCGTCG,0,3,5,6,6,5,3
Rasd1,CTATCATGGTAGGTTGCGTG,1,4,6,0,0,6,4
Rasd2,GTAACGTCATGATACTCGCG,2,5,0,1,1,0,5
Rasgrf2,GTTTATCTCACGTTCGTCGC,3,6,1,2,2,1,6
Rasgrp1,GCATGAATAAAACTCCGGCT,4,0,2,3,3,2,0
Rasl10a,GCAGGTATACTCCGATAGTG,5,1,3,4,4,3,1
Rasl11b,TTTTGTAACACCGCGACTAG,6,2,4,5,5,4,2
Rbfox1,GATTCTCGGTGTACGCTTAC,0,4,0,2,3,3,2
Rbms3,CCTTCGCTTGTAACGCTATT,1,5,1,3,4,4,3
Rbp4,GAACTTTCGGCTTATCCGTA,2,6,2,4,5,5,4
Rcn1,AGAACTGATTTTCGGGGACT,3,0,3,5,6,6,5
Reln,ATGAAGTTCGACGGGTCTAT,4,1,4,6,0,0,6
Resp18,TGTAAGCCATCGATTCAGGT,5,2,5,0,1,1,0
Ret,ATATTAGCCGATAAGGGACC,6,3,6,1,2,2,1
Rgs10,ATTCGTTGGTCGTCATGAGT,0,5,2,5,0,1,1
Rgs12,CAATACGCGCCTTAGTAAGT,1,6,3,6,1,2,2
Rgs16,ATAGTTGAAGGTCGTCTCCG,2,0,4,0,2,3,3
Rgs17,CTCATGCGCAATTACGTCTC,3,1,5,1,3,4,4
Rgs4,ATATGTTTCCCATTCGCGAG,4,2,6,2,4,5,5
Rgs5,GATTTGACGGATCGTGTTGG,5,3,0,3,5,6,6
Rgs6,AGTACTTGAACGACCACGAG,6,4,1,4,6,0,0
Rgs8,CCAGATTAGGTCCGTTTGAG,0,6,4,1,4,6,0
Rims4,AGGCGTAGTCGGTTTTAAAG,1,0,5,2,5,0,1
Rmst,ATTGCAGTTAACGGTACAGC,2,1,6,3,6,1,2
Rnd2,GCCCACAATCGACTGTATAA,3,2,0,4,0,2,3
Rnf152,GATCTATAGTTCGTTCGGGC,4,3,1,5,1,3,4
Rnf182,ATATCTTAGCCGGTGCAATC,5,4,2,6,2,4,5
Rora,ATAGTTTGCATGTCGTTCGC,6,5,3,0,3,5,6
Rorb,CTGGCATTATCGTTCTACCG,0,0,6,4,1,4,6
Rpl26,AGTTTTGGTTAGTCCGGTTC,1,1,0,5,2,5,0
Rpl29,CATTATACCTCGCACCGAAA,2,2,1,6,3,6,1
Rpl3,CAATCGTTGTACTCGTGCAC,3,3,2,0,4,0,2
Rpl41,TCCGTGTTGTATACGAAGCT,4,4,3,1,5,1,3
Rpp25,ATGATTGTTCTCGGCGTCTT,5,5,4,2,6,2,4
Rprm,CCATCGATCTATCCGGATCA,6,6,5,3,0,3,5
Rprml,GTGTTTTAGGCGGTAAAAGG,0,1,1,0,5,2,5
Rps2,TGTTCCGATGTGTAGAGTCG,1,2,2,1,6,3,6
Rps28,CTGGACTATTATGACGGGAC,2,3,3,2,0,4,0
Rspo1,CAATTTAGATGGGCGGTGAT,3,4,4,3,1,5,1
Rspo3,GCCGATTAGTGATATGCGAC,4,5,5,4,2,6,2
Runx1t1,ATTGAAATTGGATCGAGGCC,5,6,6,5,3,0,3
Rxfp1,TAAAGCTACAGCGGTAGTCT,6,0,0,6,4,1,4
S100a11,CTCGTAATGGCTCATTAGGC,0,2,3,3,2,0,4
S100a6,GACTAACGGGTCCATCAAAC,1,3,4,4,3,1,5
Satb1,TCGACATTTGCGTATTGGTG,2,4,5,5,4,2,6
Scg2,GTGAAAGTTCGTGCACAGTG,3,5,6,6,5,3,0
Scg5,ACTTAGTAGATCGCGCGAAT,4,6,0,0,6,4,1
Scn1a,TCGCTATTGACAAACCGAGT,5,0,1,1,0,5,2
Scn1b,GTAAGTAACCAATCGGTGCT,6,1,2,2,1,6,3
Scn3a,AATCGAGCGTCAGTCATAGG,0,4,2,1,1,2,4
Scn4b,AATTACGCGGCAAACTAGTC,1,5,3,2,2,3,5
Scn9a,AACCAAGAGTTATCGCGTGA,2,6,4,3,3,4,6
Scrg1,TTCGATTGTTCTACCGGACA,3,0,5,4,4,5,0
Scube1,TATGTTGCTTCGATTGCTGG,4,1,6,5,5,6,1
Sema3c,TCGTTAAGAAGCGTAGGACT,5,2,0,6,6,0,2
Sema3e,GTTACAAGCCCGCTAGATTT,6,3,1,0,0,1,3
Sema5a,CCTTCTATCGATTAGCAGCG,0,5,4,4,5,0,3
Sepw1,ATGCAAGGGTCAATCGATGA,1,6,5,5,6,1,4
Serpine2,GTTCCTTACGCTCGAAAGTC,2,0,6,6,0,2,5
Serpini1,ATGACGATCGGTTTCAACCT,3,1,0,0,1,3,6
Sfrp1,AAGTTCACGTCTCCGAACTT,4,2,1,1,2,4,0
Shisa8,GCGTAGGGCTAATAATCGTT,5,3,2,2,3,5,1
Shox2,GTCACCAACGAGACTCTTGT,6,4,3,3,4,6,2
Six3,CGAGGTTCGATAGCTCGAAT,0,6,6,0,2,5,2
Sla,TTATTGGTAAGTCCTGCGTC,1,0,0,1,3,6,3
Slc10a4,ATCCAATCGATCTGACGCAG,2,1,1,2,4,0,4
Slc17a6,TTTGCAGGTTCGTCGTAATG,3,2,2,3,5,1,5
Slc17a7,ATTTTACTTCCGTAGTCCGC,4,3,3,4,6,2,6
Slc17a8,AAGCTGTTGTTCGGGTTTAC,5,4,4,5,0,3,0
Slc18a2,ATTAGCACGAACGGTCTCTT,6,5,5,6,1,4,1
Slc18a3,GACATGATCGTGCGACTCTA,0,0,1,3,6,3,1
Slc1a2,CGTCTAACCAGACCGTTAAC,1,1,2,4,0,4,2
Slc1a3,AGTCCGAACGTAGATTCCAG,2,2,3,5,1,5,3
Slc1a6,CAGTATCCGGCTTCGTATTT,3,3,4,6,2,6,4
Slc22a3,TTCGTCTTAGTACGATCGCA,4,4,5,0,3,0,5
Slc24a2,AATACGGTCGACGACTCATT,5,5,6,1,4,1,6
Slc25a1,GCGAGTTTTCGTTAATGGGA,6,6,0,2,5,2,0
Slc30a3,GTTATATGATATCGCCCGCA,0,1,3,6,3,1,0
Slc32a1,GACGGAGTTGTATCCAACAG,1,2,4,0,4,2,1
Slc5a7,TACAGAGACGTTTCCCGTAT,2,3,5,1,5,3,2
Slc6a1,AGTTCCGGTTTTACGGTTTT,3,4,6,2,6,4,3
Slc6a11,GGTCCGAAAACGCTCTTATT,4,5,0,3,0,5,4
Slc6a17,GTTCGGGAGATCCAACTCTA,5,6,1,4,1,6,5
Slc6a3,AATTCAACGGGTTCGTTCAG,6,0,2,5,2,0,6
Slc6a4,GTTTCGGTCGCTTACAAGTA,0,2,5,2,0,6,6
Slc6a5,AGTTGAAATTGATGTGCCGG,1,3,6,3,1,0,0
Slc7a14,ATCCTCACGCGAGTAGTAAT,2,4,0,4,2,1,1
Sln,ACAAGCTATGCAGTAGCGAT,3,5,1,5,3,2,2
Snap25,TGGTGATCGACTGGAGTTTA,4,6,2,6,4,3,3
Snca,AGGATTGATAGACCGACTCC,5,0,3,0,5,4,4
Sncb,GTAGAGACGCTTATCGTGGA,6,1,4,1,6,5,5
Sncg,ATCTTTTGGAACGGTCCAAC,0,3,0,5,4,4,5
Snhg11,ACTGTTGTAAGCCGTACTCA,1,4,1,6,5,5,6
Sorcs1,CGATAATGGATCGTTGAGGC,2,5,2,0,6,6,0
Sorcs3,TATCTTGCGATGAAATGGGC,3,6,3,1,0,0,1
Sostdc1,GTAGTCATGAACAGCGGTTG,4,0,4,2,1,1,2
Sox11,AGAATCGTCCAGCTAGTACG,5,1,5,3,2,2,3
Sparc,TTTCGTACGTTACCTGGTAG,6,2,6,4,3,3,4
Sparcl1,TCTGAGCCGTTAGTATACCA,0,5,6,3,3,6,5
Sphkap,CTCCTCCAAATGCGATCTCA,1,6,0,4,4,0,6
Spink8,TATGTTACGACGACGTTGGA,2,0,1,5,5,1,0
Spon1,TATGACAAGACCTCGGGTAA,3,1,2,6,6,2,1
Spp1,GATCCGTTAAATCTTCCCGT,4,2,3,0,0,3,2
Sst,GAAGCGATCGTGCTAGTAGT,5,3,4,1,1,4,3
Sstr2,AAGTCGTAATGAACCGTTGG,6,4,5,2,2,5,4
St8sia6,ATGGTAACACCAATACGACG,0,6,1,6,0,4,4
Stac,GTTACATTAGTTGACGGCCT,1,0,2,0,1,5,5
Steap2,AAGACTCGGCTTTCATCGAC,2,1,3,1,2,6,6
Stk32c,TATCTGGGTACGATCGACTC,3,2,4,2,3,0,0
Stmn1,ACTCCCTCGAAAGACGAATG,4,3,5,3,4,1,1
Stx1a,TTCGCTTCAGTTTTGGAACG,5,4,6,4,5,2,2
Sulf2,CTCCCGATAGTTATGACGTG,6,5,0,5,6,3,3
Sv2b,CCTTTGAAGATCACGCTAGG,0,0,3,2,4,2,3
Sv2c,AAGCGTATGGACGTTAGACA,1,1,4,3,5,3,4
Syndig1,TACTTGACGCCAGTAGAGTC,2,2,5,4,6,4,5
Syndig1l,ATGACGTTTGTAACCCTGTG,3,3,6,5,0,5,6
Synpr,TTATTTGGCACGTATCGACC,4,4,0,6,1,6,0
Syt1,GGTTAGTCTACGCACGTATG,5,5,1,0,2,0,1
Syt2,CACGTTATCCTAACGAGACG,6,6,2,1,3,1,2
Syt4,AAGCTTTCAGATCGGGTCAT,0,1,5,5,1,0,2
Syt6,GGTTCTCGATATTGTGAGCC,1,2,6,6,2,1,3
Tac1,ATCGCGTGGTTTATATTCGC,2,3,0,0,3,2,4
Tac2,ATAGTTGCCACACGACTGAT,3,4,1,1,4,3,5
Tacr1,ATCGAAGATTGTTCCGTCGT,4,5,2,2,5,4,6
Tacr3,TAACTAATCGAACATCCCGC,5,6,3,3,6,5,0
Tagln2,TTTATACGCAAAGTCGCAGC,6,0,4,4,0,6,1
Tbx20,TATTACGAACGTTGATGCGC,0,2,0,1,5,5,1
Tcerg1l,GAACGTGCATCTATTCGACG,1,3,1,2,6,6,2
Tcf4,TCTCAATGTTAGACCGTGCT,2,4,2,3,0,0,3
Tcf7l2,AACAATATATCCGCCGTTGT,3,5,3,4,1,1,4
Tecr,AGTGTGATGCGACCTTTTGA,4,6,4,5,2,2,5
Tfap2b,TAAATCTGTTCGGGCCATTT,5,0,5,6,3,3,6
Th,GTATTTGAGTCGGGTTCCTG,6,1,6,0,4,4,0
Thrsp,TCGATATACGCTGTGGTCAA,0,3,2,4,2,3,0
Thsd7a,ACTAACTTATGGTAGCCGTG,1,4,3,5,3,4,1
Thy1,GCATCATAATATCGCCGACA,2,5,4,6,4,5,2
Timp3,CCTACACTAACGTCTATGGG,3,6,5,0,5,6,3
Tmem108,GCGTGATAGGCGTTTCATTT,4,0,6,1,6,0,4
Tmem114,CTACGGAGGTTTCTAGTCGT,5,1,0,2,0,1,5
Tmem130,TATTAACCAATTTCGCCGCT,6,2,1,3,1,2,6
Tmem132c,GGCGTCTTGATTGGACATTC,0,4,4,0,6,1,6
Tmem158,CGGCGTTACCACTCAATTAT,1,5,5,1,0,2,0
Tmem159,TAGACACTCGTGATCATCGC,2,6,6,2,1,3,1
Tmem163,TGTCCTAGTGATGCGTAAGT,3,0,0,3,2,4,2
Tmem178,ACATTTGTCATTACCGACCC,4,1,1,4,3,5,3
Tmem255a,ATCTAGGACTATCACCGGAG,5,2,2,5,4,6,4
Tmem91,GGGTACGCTAATATCTCACG,6,3,3,6,5,0,5
Tmsb10,AATGGTAACGTCGTAGTTCC,0,6,3,5,5,3,6
Tmsb4x,GTTACATGGCCGACATAGTT,1,0,4,6,6,4,0
Tnnc1,GCTATGACGTGATTCGCTTG,2,1,5,0,0,5,1
Tnnt1,ATGTGTAGCGTACCTCCTAT,3,2,6,1,1,6,2
Tns1,TCTTATGTCTAGCCCGTAGT,4,3,0,2,2,0,3
Tpbg,CATAAACGACGGCCTTACTT,5,4,1,3,3,1,4
Tpbgl,CGCCTAAACGCTGATATGTA,6,5,2,4,4,2,5
Tpd52l1,GTTAGTCTTTGAACCGCTCC,0,0,5,1,2,1,5
Tph2,TCCGATCAGGTTCGCTATAA,1,1,6,2,3,2,6
Tpi1,GTAGTCGATCAATTCGTGCC,2,2,0,3,4,3,0
Tppp3,CCAAATTCGTTCAGCGCTAA,3,3,1,4,5,4,1
Trf,AGGGACGAGTATTTGAACGA,4,4,2,5,6,5,2
Trh,CGTCGACTAGACCTGATCAG,5,5,3,6,0,6,3
Trhde,GATCGCAACTATCGCTGAAC,6,6,4,0,1,0,4
Trim54,CTCATTTCGCTCCGTATGAC,0,1,0,4,6,6,4
Trp53i11,GCTCTTATCCGGCATATCTG,1,2,1,5,0,0,5
Trpc3,AGAGTACGAGACCGTGATTC,2,3,2,6,1,1,6
Trps1,AACATAAGTTCTCGCTGCGA,3,4,3,0,2,2,0
Tshz1,GGCCAAGGTACTGTATTCTG,4,5,4,1,3,3,1
Tshz2,TTATTATCGGCTCCCCAAAA,5,6,5,2,4,4,2
Tuba1a,TTCTCGATTTAGCGCAGTGT,6,0,6,3,5,5,3
Tubb2b,ACAATTCATGCACCTCGACT,0,2,2,0,3,4,3
Ubash3b,CAACATCGTAGACGGCAATG,1,3,3,1,4,5,4
Ubb,GGGTTATCGCCATTCAGAAT,2,4,4,2,5,6,5
Ucn,TATCGGGGCTTACGTATATG,3,5,5,3,6,0,6
Ucn3,GATCTTAAGCACCGTAGTGG,4,6,6,4,0,1,0
Ugt8a,ATACGCAGACTTGACTCACC,5,0,0,5,1,2,1
Unc13c,CTTCGTACTACGGGAACTAC,6,1,1,6,2,3,2
Unc5d,TGTGGCATTATCCTCGACAT,0,3,4,3,0,2,2
Uqcrq,GTATTCGAGGCTAACACCTG,1,4,5,4,1,3,3
Vamp1,GATTAAGTTTCGCTGCTCCG,2,5,6,5,2,4,4
Vat1,GACGTTATTCTGTCGGCAAA,3,6,0,6,3,5,5
Vat1l,CAACGTGATGACCGCATTAA,4,0,1,0,4,6,6
Wfdc18,GAGAGTACGATCCGTCTAGC,5,1,2,1,5,0,0
Wfs1,GGGCGTCATTATATACCGTA,6,2,3,2,6,1,1
Vgf,TCTATCAGCCCGTATTTTGG,0,4,6,6,4,0,1
Vip,TCAGCTAGGCGATAAGCATA,1,5,0,0,5,1,2
Wipf3,ACCAGCGATGTAACTAAGCT,2,6,1,1,6,2,3
Wnt4,AGGCTATGTACGTGTCGAAT,3,0,2,2,0,3,4
Wnt5a,TTTGTCTTGATTTTCGCCCG,4,1,3,3,1,4,5
Wnt7b,AACTTGATCTATATGCCGGG,5,2,4,4,2,5,6
Vsnl1,GAGCTAATTTCGACCACAGG,6,3,5,5,3,6,0
Vstm2a,CCAGACGCGGAATCTAATAC,0,5,1,2,1,5,0
Vstm2b,CGGGCTTTCGTACTATCAAG,1,6,2,3,2,6,1
Vstm2l,CTTGGATTTAGACCCCGAAT,2,0,3,4,3,0,2
Vwc2,CATGCGGTACTTATCGACTC,3,1,4,5,4,1,3
Xist,TAGTGCCGTTATGTGAATCC,4,2,5,6,5,2,4
Yjefn3,TTAGCCGTGAATTGAACAGG,5,3,6,0,6,3,5
Zbtb20,AGGGTAGACCTACCAATTTG,6,4,0,1,0,4,6
Zcchc12,GCAGTTAACAGTTAGCGAGG,0,1,1,6,1,6,6
Zeb2,TAGGTCTCTTCATGCCGTAG,1,2,2,0,2,0,0
Zfhx3,TGTGACACGTCGTAAGCTTA,2,3,3,1,3,1,1
Zfhx4,TACATAACACTACGGCCTTG,3,4,4,2,4,2,2
Zfp365,TGGTTCGTTAGTCGATCTCC,4,5,5,3,5,3,3
Zic1,TTTACAGCCGTTCGTGTAAG,5,6,6,4,6,4,4
1110008F13Rik,GTGCTTCCGTAGTTTCCTTT,6,0,0,5,0,5,5
1110008P14Rik,CGGGACTTTTGACGAAACAG,0,2,3,2,5,4,5
1110065P20Rik,CTTAATACGGGGTATATGGG,1,3,4,3,6,5,6
1810037I17Rik,ATCTGATCTGCGGTACGATC,2,4,5,4,0,6,0
1810041L15Rik,TCTGACTGTACGAAGTCGTG,3,5,6,5,1,0,1
1810058I24Rik,TCTCCGAAGATCCGATATCG,4,6,0,6,2,1,2
2010107E04Rik,GGCCTATATTCGCGATGTAT,5,0,1,0,3,2,3
2010300C02Rik,GCTTGTAGACCAACGCAAAT,6,1,2,1,4,3,4
2210013O21Rik,GTAAGGTCGTAAACGTCGAC,0,3,5,5,2,2,4
2610001J05Rik,CGTCGATATAACATCTCCGC,1,4,6,6,3,3,5
2610507B11Rik,GTATTGCAGCTGTATCCGTC,2,5,0,0,4,4,6
2700094K13Rik,GGTAATCTATGCACCGCTAT,3,6,1,1,5,5,0
2900011O08Rik,TAGACGTAGCTTGACTCACG,4,0,2,2,6,6,1
5330434G04Rik,GACTACTCGACGACCTGTAA,5,1,3,3,0,0,2
6030419C18Rik,GGACGGTTCTACCTGATTTC,6,2,4,4,1,1,3
6430548M08Rik,TAACCGATTTTGCATCTCGG,0,4,0,1,6,0,3
9530059O14Rik,GAGCGAATCTGGCACTTATG,1,5,1,2,0,1,4
A330069E16Rik,GGCGCTAATCCGTCTAATAT,2,6,2,3,1,2,5
A830039N20Rik,CCGACAATCGGAGAAAAGAC,3,0,3,4,2,3,6
Aak1,TCAGTAAGGAATCGCGTGAT,4,1,4,5,3,4,0
Abat,CGAGAGTCTCCCACGATATC,5,2,5,6,4,5,1
Abca3,AAGGTTTGATCTCGCGACAT,6,3,6,0,5,6,2
Ablim1,GTCTCTTTCGCAAACTGTGC,0,5,2,4,3,5,2
Abr,CACGTATGTAAGAACGTCGC,1,6,3,5,4,6,3
Ache,AATGCCATGCGACCAAATAT,2,0,4,6,5,0,4
Acly,GCTACAAATAGACGCTGGTT,3,1,5,0,6,1,5
Aco2,TCTGGAAGACGACGGTAATT,4,2,6,1,0,2,6
Acot13,CAACTCTCGCCTTACTATGG,5,3,0,2,1,3,0
Acot7,CTATGATCGGTTGTTCCAGG,6,4,1,3,2,4,1
Actb,AGTGTAGACTTTACTCGCCA,0,6,4,0,0,3,1
Actr1b,ATCGAGTCTGCCGTATCTTG,1,0,5,1,1,4,2
Actr2,GATCGTGATCAACGGTTTGG,2,1,6,2,2,5,3
Acyp1,CTGTACGTATCGACTGGTCA,3,2,0,3,3,6,4
Acyp2,TTGTCGGTACTGTCTAGAGC,4,3,1,4,4,0,5
Adam11,GTTTACCGTAGCTAAGGCAA,5,4,2,5,5,1,6
Adam23,GTAACCCGTCGTTTATAGGA,6,5,3,6,6,2,0
Adamts2,CGTGCTTCGCATAACATGTC,0,0,6,3,4,1,0
Adap1,TTCGTAGAGTATTTCGCCCT,1,1,0,4,5,2,1
Adarb1,TCTAACCCGTTGAGTCGAAA,2,2,1,5,6,3,2
Adcy2,AGGTCTCTTACGGTGTTACA,3,3,2,6,0,4,3
Adcy5,GTATCTAGTACATACCGCCG,4,4,3,0,1,5,4
Add1,CATCGCTTAAGACCGCATAT,5,5,4,1,2,6,5
Adgra1,GCTCCTCGGTACGAATTATG,6,6,5,2,3,0,6
Adgrb1,CAATTACGCGACCAAATCCT,0,2,5,1,3,3,0
Adgrb2,TATACGCTAACTCGCTCAGT,1,3,6,2,4,4,1
Adgrf5,GGATAAGTATGACCGTGAGG,2,4,0,3,5,5,2
Adgrl1,AGCGTGCACTCTGATAATGT,3,5,1,4,6,6,3
Adgrl2,GTGTCGTAATAAGTTCCCCA,4,6,2,5,0,0,4
Adora1,TACGCGCTCAGTAGATTTCT,5,0,3,6,1,1,5
Adora2a  ,ACTGCGGCGTCTATTTATAC,6,1,4,0,2,2,6
Adrbk2,AAGTCTCGCCACTTAATCGT,0,3,0,4,0,1,6
Aes,CGCGCTATGTAACGTAACAA,1,4,1,5,1,2,0
Agap3,GGGAATCTTCCACGTATCAG,2,5,2,6,2,3,1
Agtpbp1,ATGCATCTAGTTGACCGCTT,3,6,3,0,3,4,2
Ahi1,ACGTCAAGATAGCGTTAGGT,4,0,4,1,4,5,3
AI413582,CTGTATTTTCGCCACGTTCT,5,1,5,2,5,6,4
Ajap1,TGGTCATCGTATTTAGGCAC,6,2,6,3,6,0,5
Akap11,GGCATAATCGGGTATTGAGT,0,4,2,0,4,6,5
Akr1a1,CGGTCCAATAGGTGATACAC,1,5,3,1,5,0,6
Alcam,AATTGTTGAGCGATTCCACC,2,6,4,2,6,1,0
Alg2,TGGTTTCGACAATCATAGCC,3,0,5,3,0,2,1
Amotl1,TGCTATTCGGATTTATCCCG,4,1,6,4,1,3,2
Amph,AGTCCTATATGTCCGATGCT,5,2,0,5,2,4,3
Ank2,GTACCTGGTTCGTATCTTGC,6,3,1,6,3,5,4
Ankrd29,GTTGCAAGCGGGATCTTAAA,0,5,4,3,1,4,4
Ankrd6,TACACTGCCGCATCATAAGA,1,6,5,4,2,5,5
Anks1b,GTTACATACTCGGTAGCCTC,2,0,6,5,3,6,6
Anxa5,CAGTTTAGTACCGAAGCTGC,3,1,0,6,4,0,0
Anxa6,TTACCAGTATAGAGTCGCCT,4,2,1,0,5,1,1
Ap1s1,ACACCCGTGGTATTTAGTTT,5,3,2,1,6,2,2
Ap2a2,GTAGATAAACCATCGGCGTC,6,4,3,2,0,3,3
Ap2b1,AACTTATACGTGGGGTACAG,0,6,6,6,5,2,3
Ap2m1,TAGGTCTATCGTCTTCTGCG,1,0,0,0,6,3,4
Ap2s1,AAAGCGTCCCTCATTCTAGA,2,1,1,1,0,4,5
Apba1,TTTATTGCAATCCGTCCCAA,3,2,2,2,1,5,6
Apba2,ACCTCGTTCGAAAGTCCTTA,4,3,3,3,2,6,0
Aplp1,TCAGCCGTTTAAGTCTGCTA,5,4,4,4,3,0,1
Aplp2,GGAATGTACCCGCTCTTATT,6,5,5,5,4,1,2
Ar,GAAGATACGTCCTAGCATGC,0,0,1,2,2,0,2
Arf1,GAATACAGCTTGCGGAATCG,1,1,2,3,3,1,3
Arf3,TGCGTGGTAGTTTATCAACG,2,2,3,4,4,2,4
Arf5,GATTCATCAGGCGTACTACC,3,3,4,5,5,3,5
Arhgap32,GATCGGTATCACCGGATTTC,4,4,5,6,6,4,6
Arhgap44,ACGACGCACTACATTTCAGT,5,5,6,0,0,5,0
Arhgdia,ATGCCGAAATCCGCAAAATA,6,6,0,1,1,6,1
Arhgdig,TCTGGGAGCGTATGAACTTA,0,1,3,5,6,5,1
Arhgef25,ATATCAACGCCTTCACGACT,1,2,4,6,0,6,2
Arhgef9,ACTTCGATGTATCGAGACGC,2,3,5,0,1,0,3
Arl2,ACATATCCGTTCGTCGATCA,3,4,6,1,2,1,4
Arl6ip1,GCTAAGTCAGTCGTCGAGAC,4,5,0,2,3,2,5
Arl6ip5,TTTACCCTAACTACGCTTCC,5,6,1,3,4,3,6
Arl8a,GTACATGCATGGTCGACTTG,6,0,2,4,5,4,0
Arnt2,CGTTATTCGGAGTTGACGAG,0,3,2,3,5,0,1
Arpc1a,GTTATATGGACACGCACCAA,1,4,3,4,6,1,2
Arpc3,TAGGCGATATAACCATGGAC,2,5,4,5,0,2,3
Arpc5,TGTATACGCTTTGGACCAAC,3,6,5,6,1,3,4
Arpc5l,AGAGAAGCTTACGTTCCTCG,4,0,6,0,2,4,5
Asap1,GGACGTATGTGTATTCGCAA,5,1,0,1,3,5,6
Asph,CTAAGATACGTGCGTAGGTG,6,2,1,2,4,6,0
Ass1,GGATAGTTAAACCGACCCTT,0,4,4,6,2,5,0
Atf4,CGCGGTCTAATCTAACCTAG,1,5,5,0,3,6,1
Atf5,CGATCAGGTAGCTTAAACGC,2,6,6,1,4,0,2
Atl2,CAGTTCATTAGGTACGCCAG,3,0,0,2,5,1,3
Atp13a2,CGTTACCCGAACTAAAACCT,4,1,1,3,6,2,4
Atp1a1,AATATAACGGCACTTCCGTC,5,2,2,4,0,3,5
Atp1b2,TGTCGATTACCGTCAATCGA,6,3,3,5,1,4,6
Atp1b3,ACTCCCTCGAAGATTGAGTG,0,5,6,2,6,3,6
Atp2a2,TCCTTAGCGGGGAAATTTAA,1,6,0,3,0,4,0
Atp5a1,AGCCGTGTTGATCTATACGT,2,0,1,4,1,5,1
Atp5b,TCTAGAGCTACCGGTATCTG,3,1,2,5,2,6,2
Atp5c1,CTGACGGGTTATCGTGATAG,4,2,3,6,3,0,3
Atp5d,CTTTACTAAGTGAACGCGCA,5,3,4,0,4,1,4
Atp5e,GCTTTAGTGATACGTCGGTG,6,4,5,1,5,2,5
Atp5f1,ATTTTACCGTCTCGTGAGCT,0,6,1,5,3,1,5
Atp5g1,ATCACATCACATAGCGTGGT,1,0,2,6,4,2,6
Atp5g3,ATAGCTACCGGAGTATACGA,2,1,3,0,5,3,0
Atp5h,GTATAACTGTTCTGCCCGTC,3,2,4,1,6,4,1
Atp5j2,CTTGACTGTACGAGGCTTCT,4,3,5,2,0,5,2
Atp5k,TCGTTATAATTTCCTCGCCG,5,4,6,3,1,6,3
Atp5l,GCGAACGTTTACCTCGTTTA,6,5,0,4,2,0,4
Atp5o,TGTATGGTTTAACACCGCTG,0,0,3,1,0,6,4
Atp6v0a1,TGTAGCTAGGATCGTACCTC,1,1,4,2,1,0,5
Atp6v0b,TAGGGGCTAGTCGAAGTTAT,2,2,5,3,2,1,6
Atp6v0e2,AAGACTACGGATAGTTGCCA,3,3,6,4,3,2,0
Atp6v1a,AGACGGAGTCTACAGGTTTG,4,4,0,5,4,3,1
Atp6v1b2,CTGATCGTGGGTACATTAGC,5,5,1,6,5,4,2
Atp6v1e1,TTGTACATGTTATCGCCGTG,6,6,2,0,6,5,3
Atp6v1f,GTTTTAAACAATCCGCCCTC,0,1,5,4,4,4,3
Atp6v1g1,CGTGGACATTCGGTACATTT,1,2,6,5,5,5,4
Atp6v1g2,ATATCGTGCATAGTGTGCGA,2,3,0,6,6,6,5
Atp8a1,GAGTATACTACTTGCGCCAC,3,4,1,0,0,0,6
Atp9a,ATAGGCTCGTCAGATCATGG,4,5,2,1,1,1,0
Atpif1,GAACTACGTGTAAGGGGTAT,5,6,3,2,2,2,1
Atxn10,GGGATCGTCACTAGGATGAA,6,0,4,3,3,3,2
Atxn7l3,TGGTCGACTATCTCTCAACG,0,2,0,0,1,2,2
Auts2,AATCAAGGTTGGTCGTTACC,1,3,1,1,2,3,3
Avpi1,TAGATATCGCTGTAGGTCCA,2,4,2,2,3,4,4
B230334C09Rik,GAGTACACAAAATTCGGGCT,3,5,3,3,4,5,5
B3galt2,GTTGATACCTTTGTCGGGTT,4,6,4,4,5,6,6
B3gat1,ACTACGGGTAATATCGGTTC,5,0,5,5,6,0,0
B3gat3,GCTAGTTACGGCGTTTCTAT,6,1,6,6,0,1,1
B4galt6,GTTCTCAACGGGTGGTATAA,0,4,6,5,0,4,2
Bag1,TAGTTGGAATACGCCATTGG,1,5,0,6,1,5,3
Baiap2,CATTTGTGGACGCATACTGT,2,6,1,0,2,6,4
Basp1,AAAGCCCATACGACTTATGC,3,0,2,1,3,0,5
BC005537,CATATGTTCGCTCCTATGGC,4,1,3,2,4,1,6
BC029722,ACCCAATCCGAGAACTTGTA,5,2,4,3,5,2,0
BC048546,ACGCTTGATACGGTCAATCA,6,3,5,4,6,3,1
Bcat1,GTTGGTCATACGGTGTCTTG,0,5,1,1,4,2,1
Bcl2l2,GGTCCATTTTCGCGTTACTT,1,6,2,2,5,3,2
Bdnf,AGTTTTCGTAGCCCGTTTTA,2,0,3,3,6,4,3
Bend6,GATTCAACATAGACGGAGCC,3,1,4,4,0,5,4
Bex2,TGATATCTAGGGATCGAGGG,4,2,5,5,1,6,5
Bex4,GTATCCGTAACCAAACTGGA,5,3,6,6,2,0,6
Bhlhe40,CACCTCGCAAATACGTCAAT,6,4,0,0,3,1,0
Bmpr2,GAATGATGCGGCTTTTACCA,0,6,3,4,1,0,0
Bnip3,AGCTAATCGACGGTACTGAG,1,0,4,5,2,1,1
Bola2,GCGGTCGGAATTGTACATAA,2,1,5,6,3,2,2
Brinp1,ATTATTTGCGACAGGTCCAC,3,2,6,0,4,3,3
Brinp3,GATTATCGCACGGTTCGTAA,4,3,0,1,5,4,4
Brk1,GATATAATGTCGAGGGCTCC,5,4,1,2,6,5,5
Bsg,ACGGTTACTCTAGCAGCTAA,6,5,2,3,0,6,6
Bsn,GATTCTGCGACTAGCAAACC,0,0,5,0,5,5,6
Btbd3,GCGAGATAGATACCCTCACT,1,1,6,1,6,6,0
Cables2,TCACTTAAGATCCCGGTCTC,2,2,0,2,0,0,1
Cabp1,GCACATCTCGAACGATCGAT,3,3,1,3,1,1,2
Cacna1b,GTTTTCACTTTTCACGCGGT,4,4,2,4,2,2,3
Cacna1e,GGTCTAGTCGAATAACCTGC,5,5,3,5,3,3,4
Cacna2d1,TACGGCTTATCCTGTCATGA,6,6,4,6,4,4,5
Cacna2d3,GCTCCGGAACCAATTATCTC,0,1,0,3,2,3,5
Cacnb3,TAATATTGTCGGTTCACGCC,1,2,1,4,3,4,6
Cacnb4,AAAAGCTAGAGGACGTGTCA,2,3,2,5,4,5,0
Cacng2,ACTATCTGACGGGCTCTTTA,3,4,3,6,5,6,1
Cacybp,GGGACGAACACTGTATTAGC,4,5,4,0,6,0,2
Cadm2,CCACTGGCCGTAATAAATTG,5,6,5,1,0,1,3
Cadm3,AGCTCGCTACACGATTTCTT,6,0,6,2,1,2,4
Cadm4,GCGACATATTCGGTTGACAC,0,2,2,6,6,1,4
Cadps,GAGGGGATTCTAACCGATAC,1,3,3,0,0,2,5
Calm3,TACATTACGTCGGCAATACG,2,4,4,1,1,3,6
Calr,GAATAAGTTTCCGGGCATCT,3,5,5,2,2,4,0
Camk1,TTTCCCGAAACGGTCTATTG,4,6,6,3,3,5,1
Camk1d,GGTCATGTTACCACGATCTG,5,0,0,4,4,6,2
Camk2a,TCGGGCTGATCCAATATTCT,6,1,1,5,5,0,3
Camk2d,GCAATTTAGGTTTCGACCCT,0,3,4,2,3,6,3
Camk2g,TCTTCTACTGGCGGTATGTT,1,4,5,3,4,0,4
Camk2n2,TAATTACGATCCGCTGGTCT,2,5,6,4,5,1,5
Camta1,TGGGGAGATAAACTCGTTCA,3,6,0,5,6,2,6
Camta2,GTGACAACGAATGCAGGTTC,4,0,1,6,0,3,0
Canx,TATTGTTATGGGACGAACCC,5,1,2,0,1,4,1
Cap1,GAATGGAAGAGCGCTTTCAC,6,2,3,1,2,5,2
Capns1,CTATCGTACAGGAACATCGG,0,5,3,0,2,1,3
Capzb,ATTAGTCTCGTCTTGCGAGG,1,6,4,1,3,2,4
Car10,AAGGGTTAGACTTACGACGT,2,0,5,2,4,3,5
Car4,TCTGCGATAGAACGAGTACC,3,1,6,3,5,4,6
Cbarp,CAAGGTGTAGCGGATTTACA,4,2,0,4,6,5,0
Cbfa2t3,GGGCCGTTGTACAATTTATC,5,3,1,5,0,6,1
Cbx6,GGATACACGTCTTCAGTCGA,6,4,2,6,1,0,2
Ccdc136,ATGGCATCGCAGCAATATTT,0,6,5,3,6,6,2
Ccdc85b,TCCTATGTATTAACCGGCAC,1,0,6,4,0,0,3
Ccnd1,GTTAAGGGAACGAACTCTGC,2,1,0,5,1,1,4
Ccndbp1,CGAGTTCCGCTCTAGATGAT,3,2,1,6,2,2,5
Cct2,TTGCGTCTTTCGCACTAGAT,4,3,2,0,3,3,6
Cd302,AATCGGCGTAGCTTACATTG,5,4,3,1,4,4,0
Cd59a,GATGTCGAATCCAATCGGTC,6,5,4,2,5,5,1
Cdc42,AATAGTAGACGTTCACCGCT,0,0,0,6,3,4,1
Cdipt,AAGGTGCGAACGAGATAGTA,1,1,1,0,4,5,2
Cdk14,ATACATACGTTGCGTAGGTG,2,2,2,1,5,6,3
Cdk16,GAATTGGTTATATGCGCACC,3,3,3,2,6,0,4
Cdk5r1,AAGGTTCTCGTGATCCGAAT,4,4,4,3,0,1,5
Avp,ACTTCGGCACTAGGATAACT,5,5,5,4,1,2,6
B3gat2,CTGTATACGGGGTCAATCTG,6,6,6,5,2,3,0
B630019K06Rik,TACGGATAACCTGTTTACGC,0,1,2,2,0,2,0
Baiap3,GCGAACGTCCGTATAATCAT,1,2,3,3,1,3,1
Bcan,AAGCATGGTACGGTATTCAC,2,3,4,4,2,4,2
Bche,TCTATCATGCGCCTTCACTA,3,4,5,5,3,5,3
Bcl11a,AATAGCGATGCCCTGAGATT,4,5,6,6,4,6,4
Bcl11b,CTCTAAATTCGTTCCCTGCG,5,6,0,0,5,0,5
Bex1,CTTGTACATTAGCCTGTCGG,6,0,1,1,6,1,6
Bhlhe22,ATAGCGGTTAACTTCCTTCG,0,2,4,5,4,0,6
Bok,TACATTAGCGTCCCAACATC,1,3,5,6,5,1,0
C1ql1,GGATTCTACGCTATTCGGAC,2,4,6,0,6,2,1
C1ql2,CGTACGATGTCGTAGTAACC,3,5,0,1,0,3,2
C1ql3,ATCATCAGCGTGGATCGTAT,4,6,1,2,1,4,3
C1qtnf4,GACCAGGATATTCGTACGTG,5,0,2,3,2,5,4
Cabp7,ATCGGTACCATTCTGTTCGA,6,1,3,4,3,6,5
Cacna2d2,GACTGGTTCGACAGTTCAGT,0,3,6,1,1,5,5
Cacng3,CGACCGTATACCAATCCTAA,1,4,0,2,2,6,6
Cacng5,CCGTGATTATAGTAGGGGAC,2,5,1,3,3,0,0
Cadm1,GAGTTCATAACGATTCCGCC,3,6,2,4,4,1,1
Cadps2,ATTCAGGACCGGGAATTTTG,4,0,3,5,5,2,2
Calb1,GATTGCAATTCGCCACAGAG,5,1,4,6,6,3,3
Calb2,ATCTTGTTAGCCGTTGTAGC,6,2,5,0,0,4,4
Calca,GGAGTAGTCGAGTCAAGTCG,0,4,1,4,5,3,4
Calcb,CCGGCGAATCTTTGTATGTA,1,5,2,5,6,4,5
Calcr,GATTTATGACGCTTCCCCTT,2,6,3,6,0,5,6
Calm1,TACTAGCTTATACCGCTTGC,3,0,4,0,1,6,0
Calm2,ATAGCTGTACACGATTCCGA,4,1,5,1,2,0,1
Caln1,TTACGGTTTAACACCCCTTA,5,2,6,2,3,1,2
Caly,GATTCATGCTACATCGTCGC,6,3,0,3,4,2,3
Camk2b,GGGTTACTCAGACGGAAATG,0,6,0,2,4,5,4
Camk2n1,GATTTTCTAGCACTAGCGGC,1,0,1,3,5,6,5
Camk4,GTGCTACTTTAAATCCGGGA,2,1,2,4,6,0,6
Camkk2,CTTTGCTGATGCGTCGAAAC,3,2,3,5,0,1,0
Camkv,AAGTTACCTTGTCGCCATAC,4,3,4,6,1,2,1
Car2,ACTTTCGATTGGGTTCTCGT,5,4,5,0,2,3,2
Cartpt,GCCTATAAGTATCGTCGAGC,6,5,6,1,3,4,3
Cbln1,GACGATGTCGTTAACAGTGC,0,0,2,5,1,3,3
Cbln2,ACAAGTAGCGTATTGTTGCC,1,1,3,6,2,4,4
Cbln4,ACTGTTTACGACGAAAACGG,2,2,4,0,3,5,5
Cck,ATGAATGGTCCAAACGGATG,3,3,5,1,4,6,6
Ccnd2,CATGTGCGGAGTCGATCTAT,4,4,6,2,5,0,0
Cd164,GAGAAATCGTCATCCGCTCT,5,5,0,3,6,1,1
Cd24a,GCTAAATGCACGTCATCGTG,6,6,1,4,0,2,2
Cd47,CGTTTTGGTAGTGCGTGTAT,0,1,4,1,5,1,2
Cd63,CCGTATGATAGGTATCCGAG,1,2,5,2,6,2,3
Cd81,GTGAGCGTTAACCCACATTA,2,3,6,3,0,3,4
Cdh13,TGTTCGCTGGTCTGTTGATT,3,4,0,4,1,4,5
Cdr1,ATCGAGATCATTGCGGCTAA,4,5,1,5,2,5,6
Celf2,TGTATACTTGTTTCCGGTCC,5,6,2,6,3,6,0
Cdk5r2,CTTAGCTAATTCGCGAGGTG,6,0,3,0,4,0,1
Cdkl5,ATCCAAAGTAAGCGTTGGTG,0,2,6,4,2,6,1
Cdkn1a,GAACAGGTCCGTCATACTGA,1,3,0,5,3,0,2
Cds1,GTTCACAAGCCCGTTTAAGA,2,4,1,6,4,1,3
Cds2,GGAGATAGCGAGATTCAGGA,3,5,2,0,5,2,4
Cdyl2,TTGTCACCGAACGTAACTCA,4,6,3,1,6,3,5
Celf1,ACGGCTACCAATTAACTAGG,5,0,4,2,0,4,6
Celf4,TGTAGTTGAATCCGTCACCA,6,1,5,3,1,5,0
Celf5,TCATAATCGTCAGAGGCTCG,0,3,1,0,6,4,0
Celsr2,GGGTATACGTTTTCCCTCTA,1,4,2,1,0,5,1
Cend1,GAGTATCGAATACCGGGTAC,2,5,3,2,1,6,2
Cep170b,CGGCCCATATTATATCGAGT,3,6,4,3,2,0,3
Cerk,GAACGTAGTTGGCTAAGCTC,4,0,5,4,3,1,4
Chd3,GATAGTGCGTATCGTGAGGA,5,1,6,5,4,2,5
Chga,ATTCGTTTACCGGTCAGTAC,6,2,0,6,5,3,6
Chl1,CAGGTAACCGGCAATCATTA,0,4,3,3,3,2,6
Chmp2a,GTTATTCCGTGCCGTCATAT,1,5,4,4,4,3,0
Chn1,GATTAGTCGGTTGCATCGTC,2,6,5,5,5,4,1
Chst1,CGTGGATATGCGAACGTTAA,3,0,6,6,6,5,2
Chst2,TTTTGATCCAATACGCCCTG,4,1,0,0,0,6,3
Cib2,CCTACCACTTAACGTACGTC,5,2,1,1,1,0,4
Cisd1,ATATACGCTTGCACCGATAC,6,3,2,2,2,1,5
Cit,GGCTGTTCGGATCTAACAAG,0,5,5,6,0,0,5
Cited2,CGTGAGCTTAGCCGAAATTT,1,6,6,0,1,1,6
Ckmt1,GGCCTTGTAAACATCGGATT,2,0,0,1,2,2,0
Clcn5,ATGATCAGTCGCTTGTCCTG,3,1,1,2,3,3,1
Clic1,TTCAAATTCCGGGAGTTACC,4,2,2,3,4,4,2
Clip3,TTTCGTATCGCCAGTTGTTC,5,3,3,4,5,5,3
Clstn1,GTCTAGCTTTAGGCCTATCG,6,4,4,5,6,6,4
Clstn2,CATTTCGATTTGAGAGCCGG,0,0,4,4,6,2,5
Clstn3,TTGGTCGTTGTAAGTCGAGA,1,1,5,5,0,3,6
Clta,GCTAGTACAAAAGCGCATCA,2,2,6,6,1,4,0
Cltb,ACATTGGAAACTATCGTGCC,3,3,0,0,2,5,1
Cmip,TTATCGCGTTCGATACAGGA,4,4,1,1,3,6,2
Cnksr2,CATGGAGACGACGTGTTCTA,5,5,2,2,4,0,3
Cnnm1,AATATATAGCCTCCGCCAAC,6,6,3,3,5,1,4
Cntn1,CGGACGTTGACCTTAGATTG,0,1,6,0,3,0,4
Cntn5,ATATCTCATTCGCGCGTAGA,1,2,0,1,4,1,5
Cntnap1,AGACGCTCGGGATATATTGA,2,3,1,2,5,2,6
Cntnap2,TGTTACGGTACGCATTACTC,3,4,2,3,6,3,0
Cntnap5a,ATATACCGCCACATTCTGTG,4,5,3,4,0,4,1
Coch,GTGGTCTGTAAATCCGACTG,5,6,4,5,1,5,2
Cope,CCAAATTTCGCTCGGTAGTT,6,0,5,6,2,6,3
Coprs,ACTGAAGAATTTCCGTCGCT,0,2,1,3,0,5,3
Cops6,TCTATGGCTCGGGATTTGAT,1,3,2,4,1,6,4
Coro2a,GAACTCAGTCCGTATTAGGC,2,4,3,5,2,0,5
Cox14,CAATCGGTGGAATGTTCTCG,3,5,4,6,3,1,6
Cox4i1,TGTCTGGTTCGCACTTAGAG,4,6,5,0,4,2,0
Cox5a,CCTGCGTTTGAACTCGTAAA,5,0,6,1,5,3,1
Cox5b,GTCCAATGAGCGTACCTATG,6,1,0,2,6,4,2
Cox6a1,TCGTAAGGCTTCGAACTTGT,0,3,3,6,4,3,2
Cox6b1,TATTGTAAACGCTCGGCTAC,1,4,4,0,5,4,3
Cox6c,AGGAATACCGTCGAATCGAT,2,5,5,1,6,5,4
Cox7a2,TTATGCCGGTGCGTAATAAT,3,6,6,2,0,6,5
Cox7b,CGTTTGACGTCCCCATAATA,4,0,0,3,1,0,6
Cox7c,CGGTACTCGTCAAAGTAAGG,5,1,1,4,2,1,0
Creg1,GCGCTGTAATTCGAGTAAGG,6,2,2,5,3,2,1
Creg2,CTACACTGTTGAGCGGATCT,0,4,5,2,1,1,1
Crim1,AGCTAAACTTTGCGTACGAC,1,5,6,3,2,2,2
Crip2,GATTAGCCCCACATCGAATC,2,6,0,4,3,3,3
Crispld2,CTATTAGTTTCCGCTCGCTG,3,0,1,5,4,4,4
Crmp1,AAGGCGTGTTTTAACGTTGA,4,1,2,6,5,5,5
Cs,ATCGAGAAGCCTACTATCGC,5,2,3,0,6,6,6
Csrp2,GAGCGTTATTTAGTCCCGTA,6,3,4,1,0,0,0
Cst3,GCCACTTATTTGCGATCACA,0,5,0,5,5,6,0
Cstb,GAAGTTCGCAGCATGGAATC,1,6,1,6,6,0,1
Cthrc1,GCACTACATCGGGGATTATC,2,0,2,0,0,1,2
Ctnna2,CCTCGGTGCGATTAACATTA,3,1,3,1,1,2,3
Ctnnb1,TTATAGTCCGCTTCTACGCT,4,2,4,2,2,3,4
Ctnnbip1,AGATGTAATAATCCCGCGTG,5,3,5,3,3,4,5
Ctnnd2,GAAATCTCGTGTAATCGGGG,6,4,6,4,4,5,6
Cttnbp2,TTGTCCCACGAGAACAAAAC,0,6,2,1,2,4,6
Cuedc2,TCCGACAAAAGCTATTAGCG,1,0,3,2,3,5,0
Cx3cl1,TCCTAATGGTCTCGTATGGT,2,1,4,3,4,6,1
Cyb561,TACCCTCTCATCGCAAGATC,3,2,5,4,5,0,2
Cyb5b,GACGTCGTCTGGTGTCATAA,4,3,6,5,6,1,3
Cyb5r3,GTACGGCGATTCCTCATTAC,5,4,0,6,0,2,4
Cyc1,AACCTACTGCGATCCATTGA,6,5,1,0,1,3,5
Cycs,ACTACGACCAAATGCGAGAA,0,2,2,5,2,5,5
Cyfip2,CAAGTATCGTATTCGACGCC,1,3,3,6,3,6,6
Cyp46a1,GAGTGCGTCTATTGATACCG,2,4,4,0,4,0,0
Cyr61,CTCTACCGTATCAATGCCTG,3,5,5,1,5,1,1
Cystm1,CATGCACTACGCTGTCATAC,4,6,6,2,6,2,2
D430041D05Rik,TACGAGGGAATGCTTACGAT,5,0,0,3,0,3,3
Dab1,GTCGCCACAACCAATTACAT,6,1,1,4,1,4,4
Dad1,AATACTCACGACTGAGACCC,0,3,4,1,6,3,4
Dcdc2a,AAGCTCTTTACGCGATCCAT,1,4,5,2,0,4,5
Dclk1,ACGAAGATGCCGTTTACAAC,2,5,6,3,1,5,6
Dctn3,CATGCGATTACCATCCAGTG,3,6,0,4,2,6,0
Dda1,ATTCAGTCGCCAATCCTCAT,4,0,1,5,3,0,1
Ddah1,GGAGTGATTCGGGGATTTAA,5,1,2,6,4,1,2
Ddit3,ACTTACATAGTTCGAGCCGT,6,2,3,0,5,2,3
Ddx3y,TTACGCATTACTTGCTCGTG,0,4,6,4,3,1,3
Dgcr6,GTCAGCTCGTAATATCAGCC,1,5,0,5,4,2,4
Dgkz,TCTCCCTTCTCACGGTTTAT,2,6,1,6,5,3,5
Dhcr24,ATTATCGGATAAGCCCGTTC,3,0,2,0,6,4,6
Disp2,ATAAGCCGATCTAATCGCGA,4,1,3,1,0,5,0
Dlc1,CTTTTGCGAAACATGCTCGT,5,2,4,2,1,6,1
Dlg2,GTTGATTGCGCGCATTTAGA,6,3,5,3,2,0,2
Dlg4,GTATCTTTCAGTTCGGGCTG,0,5,1,0,0,6,2
Dlgap1,GTTATGCGTTCCCTGAGTAC,1,6,2,1,1,0,3
Dlgap4,ACAGAAGGCGATGTTCAGAC,2,0,3,2,2,1,4
Dlst,AGTGACGTATGCCTAGTTCA,3,1,4,3,3,2,5
Dnaja1,GGTCTACACGTTGATCCAAC,4,2,5,4,4,3,6
Dnajc12,GTTAATCTGTTCGTCCCGTG,5,3,6,5,5,4,0
Dnajc15,GGTCAATGCGAGAGACTGTT,6,4,0,6,6,5,1
Dnajc27,TAGACGGGTGAATCGAGTAT,0,6,3,3,4,4,1
Dnajc5,GATGTGCTATCTACCGTACC,1,0,4,4,5,5,2
Dnajc6,CTGATACTATTAGGGCTCGC,2,1,5,5,6,6,3
Dnm1,CTGAGTATAGCTACGACCGT,3,2,6,6,0,0,4
Dnm3,GCTGGATGGCTAGTATCTTG,4,3,0,0,1,1,5
Dnmt3a,TCTATGTCTGTCCGATAGCG,5,4,1,1,2,2,6
Doc2b,CTGCAAATACGGTGTAGCAT,6,5,2,2,3,3,0
Dpcd,ATCTACGAATTTCGAGGGGA,0,0,5,6,1,2,0
Dpysl2,GCAATAACACGTTTGACGCT,1,1,6,0,2,3,1
Dpysl3,TGGGTCCGACTTAGATCAAT,2,2,0,1,3,4,2
Dpysl4,CGACTTAAGTGTACAGGACC,3,3,1,2,4,5,3
Dpysl5,ATAGGTTCTCGCACATGTGT,4,4,2,3,5,6,4
Dqx1,TCGAGCGTATTAAAGCATGG,5,5,3,4,6,0,5
Dst,CATGTCTTGTAGGTGCGTAG,6,6,4,5,0,1,6
Dtnbp1,GATTAAGGGCGTTGTTCCAT,0,1,0,2,5,0,6
Dusp26,AAATACTATTCGGTCGCAGC,1,2,1,3,6,1,0
Dusp3,GGACGGTATACTCGACATTC,2,3,2,4,0,2,1
Dync1h1,GACTTTAGGGTCGGAACATC,3,4,3,5,1,3,2
Dync1li2,GTGAGTTGCCCTTCGTTAAA,4,5,4,6,2,4,3
Dynll1,GCTCTACACATAACCGTGAC,5,6,5,0,3,5,4
Dynll2,AAGATACGCTACCGTGTTGA,6,0,6,1,4,6,5
Dynlrb1,TGCAGTACTTAGCGTACGAT,0,3,6,0,4,2,6
Dynlt3,TCGTATCGTTTCTCACCGTA,1,4,0,1,5,3,0
Edf1,TACAACATACGGTGGATTCG,2,5,1,2,6,4,1
Edil3,CAGATTACGCGACGAGATCA,3,6,2,3,0,5,2
Eef1a1,GAATTTATGGACGCAGTGGA,4,0,3,4,1,6,3
Eef1a2,CACATATGATTCCGGCGAAG,5,1,4,5,2,0,4
Eef1g,GTGCGTCGATTCAACATGAC,6,2,5,6,3,1,5
Eef2,AAGTGGTCGATGTCACTAGC,0,4,1,3,1,0,5
Efhd2,TATATCCGTGACCGAGTTCT,1,5,2,4,2,1,6
Efna5,GAGCATATGTAAGTCACGGC,2,6,3,5,3,2,0
Efnb3,ATGATATGCGCACGCTCTAT,3,0,4,6,4,3,1
Efr3a  ,ATAGATCGATCACGGTCAGG,4,1,5,0,5,4,2
Efr3b,CCTGTAGGTACGGTGAATAG,5,2,6,1,6,5,3
Egr1,CCATTTCGACAAGTGATCGC,6,3,0,2,0,6,4
Eid1,CGACAGTTTAATCACGACCC,0,5,3,6,5,5,4
Eif1b,AGGCTATACGTGGTAGTCAT,1,6,4,0,6,6,5
Eif4a2,TGGTGATAATTCGCTGCTCA,2,0,5,1,0,0,6
Eif4g2,CTTCGCTCGTTGTGAATAGC,3,1,6,2,1,1,0
Eif4g3,GTCTAATAACCGCACATGCA,4,2,0,3,2,2,1
Eif5,AATACGTCTGTCGGTGACTG,5,3,1,4,3,3,2
Eif5a,GATTACCTGTGTCCGCATTC,6,4,2,5,4,4,3
Elavl3,AAGATACCGTGTTCGTAACC,0,6,5,2,2,3,3
Elmo1,CCGTATTGGTAGCTCCATAG,1,0,6,3,3,4,4
Elmod1,GCGCGACATGAGATTCTTAC,2,1,0,4,4,5,5
Elovl6,CGGTTCATTGCGCTAACTTA,3,2,1,5,5,6,6
Emb,CGGGAATCGGCTATTCTATC,4,3,2,6,6,0,0
Emc4,TTGATTCTCGACGTCGGTTA,5,4,3,0,0,1,1
Emc9,GCAGTATGACGCTCTTCGAT,6,5,4,1,1,2,2
Eml2,TTAGGAGTCCGAGTAACTCG,0,0,0,5,6,1,2
Enah,TTTAATGATTCGCGCAGCAG,1,1,1,6,0,2,3
Endod1,AATTGTAGTGCCGTTCGTTC,2,2,2,0,1,3,4
Enho,GTCGATAGCGTAGCTAAACG,3,3,3,1,2,4,5
Eno1,CCGTAAGAGTCGCATAGAGA,4,4,4,2,3,5,6
Eno2,GTTCAATTTCGGACGGTGTA,5,5,5,3,4,6,0
Epb41l1,TAATTGTACGTAGCCTTGCG,6,6,6,4,5,0,1
Epb41l3,GTATGCCTCCATCGCTTATC,0,1,2,1,3,6,1
Epdr1,CTCGTAATCGGGAAGTTTCC,1,2,3,2,4,0,2
Epha4,GTTGCATTAGACGATCACCC,2,3,4,3,5,1,3
Epha5,AGGCTGACTACCGTCTATTA,3,4,5,4,6,2,4
Ephx4,CGCTCTCAAATTTAGCGCTT,4,5,6,5,0,3,5
Eps15,TAGTCCTAGACTGTTCGACC,5,6,0,6,1,4,6
Erc2,ACTTCATGATCGACCGCTAT,6,0,1,0,2,5,0
Erdr1,TGTGCTATTATCGGGTATCG,0,2,4,4,0,4,0
Erh,ACCAGTCCGGTAGTTATGAT,1,3,5,5,1,5,1
Ermn,GGAATCTATCACGCATGGTC,2,4,6,6,2,6,2
Erp29,ATTCCTAGCAGGATAAGCGA,3,5,0,0,3,0,3
Esrrg,AGTCTTAACGGGTTGACAGT,4,6,1,1,4,1,4
Etl4,TTAAGTTGAAGGCGGTACTG,5,0,2,2,5,2,5
Fa2h,CGCATGATTATGGCTCGATG,6,1,3,3,6,3,6
Fabp3,GTCTATTAAGTTCGCTCCGC,0,4,3,2,6,6,0
Fabp5,TTTTCTAACTCGTGCGCTTG,1,5,4,3,0,0,1
Faim2,ATAGTAGCAAGCCGTTTGAC,2,6,5,4,1,1,2
Fam101b,TGCAAGTAGTTCATCGCCTA,3,0,6,5,2,2,3
Fam131a,TAGTGTGCGATCATCATGCT,4,1,0,6,3,3,4
Fam163b,GTATCCTTGTGCGGACATAC,5,2,1,0,4,4,5
Fam168a,TTTTATCACGCTCCGGTATG,6,3,2,1,5,5,6
Fam19a5,TTTCTTGCGGATTGTATCGG,0,5,5,5,3,4,6
Fam213b,GGGTTTGACTCGCTATTACA,1,6,6,6,4,5,0
Fam219a,GACGCGAAATTGGTTGATGT,2,0,0,0,5,6,1
Fam3c,AAAAGTATCGCTTGCGCTTC,3,1,1,1,6,0,2
Fam49a,TCAGTATCCTTTCACGGACA,4,2,2,2,0,1,3
Fam63b,ATACACTTTTATCGTGGCGC,5,3,3,3,1,2,4
Fbxw7,ACGGCGTCTAATTGAAAACC,6,4,4,4,2,3,5
Fdft1,CAACTCGTCCTCTCACGATA,0,6,0,1,0,2,5
Fdps,AACTTATCATCGTCAGGGCA,1,0,1,2,1,3,6
Fem1b,AGAAAAGTCCGACGATCCTT,2,1,2,3,2,4,0
Fez1,AGGTGTCGTCATCTCAACAC,3,2,3,4,3,5,1
Fgf11,TGACGAACTGATTTGCACGA,4,3,4,5,4,6,2
Fgf12,GTAACATTTGACGTAGGCCA,5,4,5,6,5,0,3
Fis1,CTACCATGATATGCGTCGTC,6,5,6,0,6,1,4
Fkbp1a,GTTTTCGAGGTATTGCACGT,0,0,2,4,4,0,4
Fkbp2,ATAAGTCTACCGTTCCAGGT,1,1,3,5,5,1,5
Fkbp3,TTAGGCCTCTACGGATCATA,2,2,4,6,6,2,6
Fkbp4,TCTTCGAATCCGCATCCATA,3,3,5,0,0,3,0
Fkbp8,TTGATCGATAGGTGTCCCTC,4,4,6,1,1,4,1
Flot1,CAATCCCCGCTATTATCCAT,5,5,0,2,2,5,2
Flot2,TAATCACGTCGCTACAAGCT,6,6,1,3,3,6,3
Flrt2,AGTCTCTGATCGTGGCAATC,0,1,4,0,1,5,3
Flrt3,GTGGTCTCTTTACGCTAAGC,1,2,5,1,2,6,4
Foxp1,TCTAACGGTGGGAATCTCTC,2,3,6,2,3,0,5
Frmpd3,GCTCCTAGATACGTTCGTGA,3,4,0,3,4,1,6
Frrs1l,CGTTTGAACACGACACTTGC,4,5,1,4,5,2,0
Fryl,ATGAGTACTAGCGCAGTTGT,5,6,2,5,6,3,1
Fstl1,GCTCATTTATCGTGTCGGAG,6,0,3,6,0,4,2
Fut9,GGCTACATTAGCGGTCTAAT,0,2,6,3,5,3,2
Gaa,GCGTTAGATAAGTTCGGCAG,1,3,0,4,6,4,3
Gabarap,GCTCGGAGGATATATTAGCG,2,4,1,5,0,5,4
Gabarapl1,CATTGACATTGTTCCGAGGG,3,5,2,6,1,6,5
Gabarapl2,CCTAGTTTGTACGGATCGTG,4,6,3,0,2,0,6
Gabbr1,GCCGGACTTAGTCTTGTTAG,5,0,4,1,3,1,0
Gabbr2,GTGCGAACAGTATCCGTTAA,6,1,5,2,4,2,1
Gabra1,ACGAGCTGATCCGTAGTATT,0,3,1,6,2,1,1
Gabra2,TACTGGCTGCGTATCATGTA,1,4,2,0,3,2,2
Gabra3,ATCGGATGTGGAATCGCTAA,2,5,3,1,4,3,3
Gabra4,GTCGACGTTTTACTCCGTTT,3,6,4,2,5,4,4
Gabrb1,CAGTTCGTTTCCGATACCAG,4,0,5,3,6,5,5
Gabrb3,TGGTCGCACATATGCTATCT,5,1,6,4,0,6,6
Gabrg2,TACTTATCATGGCGTAAGGC,6,2,0,5,1,0,0
Gabrg3,GTAGCCTTTTACACTCCGAG,0,5,0,4,1,3,1
Galnt16,TACGTGGAATCGACAGTGTA,1,6,1,5,2,4,2
Gapdh,GAGAGTATCAACGGGCTAAC,2,0,2,6,3,5,3
Gas7,GTGGTACTCTCGGTTCATCA,3,1,3,0,4,6,4
Gatm,TTAACCGTACCTGTGTTGTC,4,2,4,1,5,0,5
Gde1,CGTAGTTCCTCAACGGTTTG,5,3,5,2,6,1,6
Gdi1,CAAGAAGTGCGTATACACCG,6,4,6,3,0,2,0
Gfra2,TAGACCTTAGTTCGCCCTAT,0,6,2,0,5,1,0
Ggct,GGCTACGTGATCCATGTAAG,1,0,3,1,6,2,1
Ghitm,GAAGCATCCGACAATAGCAG,2,1,4,2,0,3,2
Gja1,CTTACGAGACCTCGTTACCT,3,2,5,3,1,4,3
Glrx2,ATTATTCATGCCGCCCTATC,4,3,6,4,2,5,4
Glrx3,AACTTATGCTCGCAAATCCC,5,4,0,5,3,6,5
Gls,CTATATTGCGGTCACAACCT,6,5,1,6,4,0,6
Glul,ACCTGCGTCGTCATGATTTA,0,0,4,3,2,6,6
Gm10260,CTATAGCGTTGTTCTGAGCG,1,1,5,4,3,0,0
Gm11808,CGGTGTTACTTATCCGAGAC,2,2,6,5,4,1,1
Gm15800,ATGTCGTTGCAGTTAATCCC,3,3,0,6,5,2,2
Gm1673,GCTACTAGTACTACTCGCGA,4,4,1,0,6,3,3
Gm26917,TTAGTTTGCCGGGATTCATG,5,5,2,1,0,4,4
Gmfb,GAGTCGGTCAATCGTGAACT,6,6,3,2,1,5,5
Gnai1,GCAGTTATTCGTTTAGCGCT,0,1,6,6,6,4,5
Gnal,CGTAATTGTTTCGCCTTGCT,1,2,0,0,0,5,6
Gnao1,ATATTCGGAAGCCGTTACAG,2,3,1,1,1,6,0
Gnaq,GCTGACGGATATTCGTTTCG,3,4,2,2,2,0,1
Gnaz,AAATAGCGTTATCCGTCAGC,4,5,3,3,3,1,2
Gnb1,GATGCTGAACGCTGCATTTT,5,6,4,4,4,2,3
Gnb2,GATTACAGTTGGTCGACACG,6,0,5,5,5,3,4
Gng12,TAACAATTTGCCGACACGTG,0,2,1,2,3,2,4
Gng13,AGTCTGCGGATTTAAAACGG,1,3,2,3,4,3,5
Gng2,GATGCGATCGAACATTGCAC,2,4,3,4,5,4,6
Gng3,TAGCGATGATCACTGATCGG,3,5,4,5,6,5,0
Gnl3l,CCATAGGGAAATTTGCGTGA,4,6,5,6,0,6,1
Golga7b,GTGTCGTATGCTATCTTCGG,5,0,6,0,1,0,2
Got1,GATCGTGACCTGTATCTCGT,6,1,0,1,2,1,3
Got2,TAGCAGTTCGTCAAGTCCAA,0,3,3,5,0,0,3
Gpi1,GTAACGCCGCATTCATTCTT,1,4,4,6,1,1,4
Gpm6b,GCTTAAGATCGATGCTTGGC,2,5,5,0,2,2,5
Gpr158,GATTGCGCTAAAGTGACCTC,3,6,6,1,3,3,6
Gpr22,GATTTCGGCTTGCCTAATGT,4,0,0,2,4,4,0
Gpx1,TTCTGCAAAGAGGACCGTTA,5,1,1,3,5,5,1
Gpx4,CGGATGAGTCAATAACCCTG,6,2,2,4,6,6,2
Gria1,AGTGCAAGTCGTGTTGTACT,0,4,5,1,4,5,2
Gria3,AGTCCACTTGACGTTGAGTG,1,5,6,2,5,6,3
Grin1,GTGAGATGTCCGCTCTGTAT,2,6,0,3,6,0,4
Grina,CATCGCTTCGCCTCTATATG,3,0,1,4,0,1,5
Grip1,CTAGGTGAAATACTCCGTGG,4,1,2,5,1,2,6
Grm1,TATCTAGTTCCGGATGGCTT,5,2,3,6,2,3,0
Grp,TGGCACTAGTGTTTCGTCAT,6,3,4,0,3,4,1
Gsk3a,TATGTAGTGGGATTGCGACT,0,6,4,6,3,0,2
Gsk3b,ATTTGATCGACGGCTTAACG,1,0,5,0,4,1,3
Gstm5,CTAAGGCTTTATGCGCATGT,2,1,6,1,5,2,4
Gstp1,ATCTTGCGTGACCGAATACA,3,2,0,2,6,3,5
Gtf2h5,CTAGTGCGACTCTCGTTACA,4,3,1,3,0,4,6
Gucy1b3,GCTTGATCGTACTCTGCAGA,5,4,2,4,1,5,0
Guk1,GGCGCTATTTTCTGTCGAAA,6,5,3,5,2,6,1
H2-D1,GATTAAGTCGCTATGAGCGC,0,0,6,2,0,5,1
Hagh,ATGCGGTACCATAGAGATGA,1,1,0,3,1,6,2
Hcfc1r1,GTGGCACAATCACGGTAAAT,2,2,1,4,2,0,3
Herc3,TAAAGAGTACGACGTCCTCC,3,3,2,5,3,1,4
Higd1a,AAATGGTTCCTATCGGCTAC,4,4,3,6,4,2,5
Hint1,GTTGTGTGCGAATCCAACTG,5,5,4,0,5,3,6
Hivep2,TAGAATGCTACCGGATTCCT,6,6,5,1,6,4,0
Hk1,GTGAAGTTATGCGACGGTTT,0,1,1,5,4,3,0
Hmgb3,ACATAGATGCGTTATAGGGC,1,2,2,6,5,4,1
Hmgcr,CATGACTTTGACGCACTACG,2,3,3,0,6,5,2
Hmgcs1,CGTGGCAATGATCGAACTTG,3,4,4,1,0,6,3
Hn1,ATTAGGCTCGAATCCGATCA,4,5,5,2,1,0,4
Homer2,CCGCCCTATATCTTAGACAG,5,6,6,3,2,1,5
Hpcal4,ATACTCGTCCACTCGCAAAT,6,0,0,4,3,2,6
Hprt,GAGTCCAACGATCAACAACC,0,2,3,1,1,1,6
Hras,ATAATGGTCGGATGCGAAAC,1,3,4,2,2,2,0
Hrh3,TTGTCAGCGCGTTTTCATAC,2,4,5,3,3,3,1
Hs6st1,CTACGTTTGTATCCGTCGAG,3,5,6,4,4,4,2
Hsbp1,TACGTCTGTGTCGTATGCTC,4,6,0,5,5,5,3
Hsp90aa1,TTTCGCACGGAAGACTAGTA,5,0,1,6,6,6,4
Hsp90ab1,ATAGGTTTCAATCCCGATGG,6,1,2,0,0,0,5
Hsp90b1,AATCTGCAACTCACGAACGA,0,3,5,4,5,6,5
Hspa12a,GTGCTAAATCACCGCTACAT,1,4,6,5,6,0,6
Hspa4,GCTAGGATAACGATGGACAC,2,5,0,6,0,1,0
Hspa4l,TTAGCTCGTTCGATCGCTTT,3,6,1,0,1,2,1
Hspa5,GGTTAAGTTGAGACCGTCAG,4,0,2,1,2,3,2
Hspa8,GCATTATGTTCGCTCCACAG,5,1,3,2,3,4,3
Hspb8,GGCATCTGATCGATACCATG,6,2,4,3,4,5,4
Hspe1,GATACTGTTAAGACGGTGGC,0,4,0,0,2,4,4
Hsph1,ACCAGACCGATGATTGCTAT,1,5,1,1,3,5,5
Icmt,GCGTTTCGTATCGTTTCCTT,2,6,2,2,4,6,6
Ids,TTGGTCGAATTTCGCTTTCC,3,0,3,3,5,0,0
Ier2,GTTCCCAAAGACGAGCTAAC,4,1,4,4,6,1,1
Ier5,AATCGTTGGAAACCAAGTCG,5,2,5,5,0,2,2
Ifi27,TGACGATAGTTAGCCGTTCA,6,3,6,6,1,3,3
Ifngr2,TTAACGCAGTAGGTGCTAAC,0,5,2,3,6,2,3
Igfbp6  ,GCTTATGACACTACGCTTGG,1,6,3,4,0,3,4
Igsf21,ATCCAGTAGGTTAGACCGTT,2,0,4,5,1,4,5
Il34,ACATATTCGAGGCGTTTACC,3,1,5,6,2,5,6
Ildr2,CTGTGTTAATGACGACACGC,4,2,6,0,3,6,0
Impad1,GTTAATTCGACCCCGGATAT,5,3,0,1,4,0,1
Ina,AAATCTAGTCGATGCAGCCA,6,4,1,2,5,1,2
Inpp5f,GTAGCGCTGCTTTTCGTATT,0,0,1,1,5,4,3
Iqsec3,CTTATGTCTAGGTTCGGCAC,1,1,2,2,6,5,4
Iscu,AGACCTTTATGTTCGGCTCA,2,2,3,3,0,6,5
Itm2a,ATATAGCAGCCTCGTCGATT,3,3,4,4,1,0,6
Itm2c,CGTATTTGATCGTGGTCGTG,4,4,5,5,2,1,0
Itpka,TGTTTAATGCGTCGACATGC,5,5,6,6,3,2,1
Jph4,GCACGTATTCCGTAGCTTTA,6,6,0,0,4,3,2
Jun,CCATTGAGGGTATCGTATCC,0,1,3,4,2,2,2
Kalrn,AACATATGTTGCTTCGTCCG,1,2,4,5,3,3,3
Kcna2,CGACGGACACAGTAACTAGA,2,3,5,6,4,4,4
Kcna6,GAAATAAGATCGCTCCTCGC,3,4,6,0,5,5,5
Kcnab2,ATCGTTTAGAGCCGTACTGT,4,5,0,1,6,6,6
Kcnb2,TGTTTGGCAGATCGTAATGC,5,6,1,2,0,0,0
Kcnc4,CTGGCGATTATTGGTCTGAC,6,0,2,3,1,1,1
Kcnh1,TCTTGCGGTTTTATTCGACC,0,2,5,0,6,0,1
Kcnh7,CATGGTAGATACGTCGTGTG,1,3,6,1,0,1,2
Kcnip3,GGTCGCGTTTAGCTTATACT,2,4,0,2,1,2,3
Kcnip4,AAGATCGCGTCGAATGCTTT,3,5,1,3,2,3,4
Kcnj3,CCGTGGTATGCGTTATCTAA,4,6,2,4,3,4,5
Kcnj9,TAGGAGATTATCGGGAAGGT,5,0,3,5,4,5,6
Kcnmb4,ACTTGTTGCGACGTTTTACG,6,1,4,6,5,6,0
Kcnq2,GTATCTTGACATACCACGCG,0,3,0,3,3,5,0
Kcnq3,GTGCCACGTTTTGCAATAAG,1,4,1,4,4,6,1
Kcnq5,TGTTTTCGACACGAAGTGCT,2,5,2,5,5,0,2
Kctd1,GTTACTTACGCTCACGGATC,3,6,3,6,6,1,3
Kctd6,GGAACTGTAATCGGTTGGAC,4,0,4,0,0,2,4
Kctd8,GATACGAACTGATGCACACC,5,1,5,1,1,3,5
Khdrbs3,GAATCCGCGAACTGGTAATT,6,2,6,2,2,4,6
Kif1a,TTAACGCGAATCGACCTTTC,0,4,2,6,0,3,6
Kif1b,CAATCGCCAAGTAATTCGGA,1,5,3,0,1,4,0
Kif21a,CTTCGAGGAATGTAACGTCG,2,6,4,1,2,5,1
Kif21b,AACTTAATCGTCGGCTGAGT,3,0,5,2,3,6,2
Kif3c,TCGATAAGTCGTGTCTGACG,4,1,6,3,4,0,3
Kif5a,GAGCAGGTCGTCATCTTACT,5,2,0,4,5,1,4
Kif5c,TGTTAAGGCTGCGTCAAATC,6,3,1,5,6,2,5
Kifap3,ATTCGGCGATCTGATACCTA,0,5,4,2,4,1,5
Kifc2,GTCGATGTCGGATCTCACTT,1,6,5,3,5,2,6
Kitl,CCGTGGATTTCGGTACTTTA,2,0,6,4,6,3,0
Klc1,GTGTACGCTATGCTCTAACG,3,1,0,5,0,4,1
Klc2,GACTACGATACTGACACGGT,4,2,1,6,1,5,2
Klf13,TTTTGCGGTACATTCGCTTA,5,3,2,0,2,6,3
Klf6,AAATCCGAGACTGCTTGCTT,6,4,3,1,3,0,4
Klf7,TAGATATACCGCCCGATATG,0,6,6,5,1,6,4
Klf9,ATGATCGGTTCAGGCTACTA,1,0,0,6,2,0,5
Klhdc8a,AAATACGGATTACCTGGGAG,2,1,1,0,3,1,6
Klhl2,GTTTATGCCGAGTATACCCT,3,2,2,1,4,2,0
Krt1,GATCGTACGCCTATTTCGTC,4,3,3,2,5,3,1
L1cam,CTGAATACATACCGCTGTGG,5,4,4,3,6,4,2
Lamp1,GGCAATGCGTCACTATAGTT,6,5,5,4,0,5,3
Laptm4b,TGTAAGCTGTTCCTCGGATT,0,1,5,3,0,1,4
Larp1,GTCAAGGTCACGCAATTCTG,1,2,6,4,1,2,5
Lbh,TGTCTTTTCGTACCGGTCTA,2,3,0,5,2,3,6
Ldb2,AAATCGGTTCTCGCAATTCG,3,4,1,6,3,4,0
Ldha,GTACATGTCGGGAACCATTA,4,5,2,0,4,5,1
Lgi1,GACGTACTTTTGGTAGCGTT,5,6,3,1,5,6,2
Lgi3,TTAGTCTTATCGCCACGGAT,6,0,4,2,6,0,3
Lhfpl2,TGACGTACTTTCGCAAGTCA,0,2,0,6,4,6,3
Lin7a,TGTCCGGTTTAGGTTTATCG,1,3,1,0,5,0,4
Lin7b,GTCTCATAACAAACGGCGTC,2,4,2,1,6,1,5
Lmo4,TCCGGTAATAGTGCGTTTTG,3,5,3,2,0,2,6
Lmo7,AAGTCGTCTTAGTGCGCTAA,4,6,4,3,1,3,0
Lpgat1,ATGTAAATGCCGACCTATGC,5,0,5,4,2,4,1
Lrp11,GTATAGAAATCGCTGCGCAT,6,1,6,5,3,5,2
Lrp1b,TATTTGATACGTAGCGGTCC,0,3,2,2,1,4,2
Lrpap1,AGATAGAACCGGTGTCGATA,1,4,3,3,2,5,3
Lsm11,GTTGTCAATAACCGGTGCTA,2,5,4,4,3,6,4
Luzp1,GCGATTTTAGTGTCCACGAC,3,6,5,5,4,0,5
Luzp2,GTCATAGTCTCGTGAAGCCA,4,0,6,6,5,1,6
Ly6e,TTGGCGCGATACTTTAACTC,5,1,0,0,6,2,0
Lynx1,CTAGTTTCGGTTGGTGTCAC,6,2,1,1,0,3,1
Maged1,GTTCTCGAATATGCAGCACG,0,4,4,5,5,2,1
Mal2,TGACGGCATAAAGGTGTATC,1,5,5,6,6,3,2
Man1a2,TGCTCTATAGCGTCTGACTG,2,6,6,0,0,4,3
Manf,TGTTGCGACACTTCACTTGT,3,0,0,1,1,5,4
Map1a,AGCGTAGACTCAACCATTGT,4,1,1,2,2,6,5
Map1b,TCGTAAATCCGTTATCCTGG,5,2,2,3,3,0,6
Map1lc3a,AGAAACTTACGGTCAAGGCT,6,3,3,4,4,1,0
Map2k4,TTACAGGTTGCCGAACATAG,0,5,6,1,2,0,0
Map4,CGCTTGATTACGCTAATCGT,1,6,0,2,3,1,1
Map4k4,AACCTATACCGGCAAAAGTT,2,0,1,3,4,2,2
Mapk1,TTACTACGAGCAGACGAGTC,3,1,2,4,5,3,3
Mapk10,CCATCGGTCTGTGCTTATAG,4,2,3,5,6,4,4
Mapk3,CGATTGAATCCCAATTCGGT,5,3,4,6,0,5,5
Mapk8,AATGCTAATCGCGATTACCC,6,4,5,0,1,6,6
Mapk8ip1,ACGTGAATGTCAGACGCTTT,0,6,1,4,6,5,6
Mapk8ip3,ATAGTCCATTCGGGATGTCT,1,0,2,5,0,6,0
Mapre1,GCGTGACGCTGTATTGTATG,2,1,3,6,1,0,1
Mapre2,GTCTTGACGGGACACTAGAT,3,2,4,0,2,1,2
43891,TAACGAACTAATCTTCCGGC,4,3,5,1,3,2,3
43896,TCAGTACGGGTGGTAAAATC,5,4,6,2,4,3,4
Mast3,TGTCTCGTTGCAATGGTCTA,6,5,0,3,5,4,5
Mctp1,TCGTCGAAACCTCACTTCTC,0,0,3,0,3,3,5
Mdh1,CAGCGTCGTTCTCTATGTGA,1,1,4,1,4,4,6
Mdh2,CAGATCAAACGGGTTGAACG,2,2,5,2,5,5,0
Me1,ACCTTTATATGACTCGCGGA,3,3,6,3,6,6,1
Mea1,TAAAGATTCGCACGTTGCAG,4,4,0,4,0,0,2
Mef2d,CGAGGAACTACTCGATCGAC,5,5,1,5,1,1,3
Mfn2,TAGGCTGTACGGAGACATAA,6,6,2,6,2,2,4
Mfsd6,CGTGGCCGATTATAGTGAAG,0,3,3,4,3,4,4
Mgat4b,TTGTCACGAACGCTAAATGC,1,4,4,5,4,5,5
Mgat5,GCTAAGAGCGTTGGTAAGTG,2,5,5,6,5,6,6
Mgat5b,CCTCTATTTTAACGCCGTCA,3,6,6,0,6,0,0
Mgll,TCACGTCCGGATCAACATAA,4,0,0,1,0,1,1
Mgst3,TGCGTTTCATACGGTCAAAC,5,1,1,2,1,2,2
Miat,TAAAGTGTTTCGCCGAAGTG,6,2,2,3,2,3,3
Mical2,AGATTGAGCCTCGACTGAAC,0,4,5,0,0,2,3
Mien1,CCGTAATTGATCGGACGATG,1,5,6,1,1,3,4
Minos1,CCGAAGGTATACGATCTTCC,2,6,0,2,2,4,5
Mllt11,CAAACGGTTGTCCCAATTCT,3,0,1,3,3,5,6
Mmd,GTCCATGACTCGCTCATTGT,4,1,2,4,4,6,0
Mmp17,TCGGATGTAATTAACCGTGC,5,2,3,5,5,0,1
Mpc2,TTGCGGTTAATCCAACGAAA,6,3,4,6,6,1,2
Mrpl20,GATCTATCGAAGCACCACGA,0,5,0,3,4,0,2
Mrpl41,GGTGATACCGTATCATGACC,1,6,1,4,5,1,3
Mrps18a,GGAACCGTGTACACCATTAT,2,0,2,5,6,2,4
Mrps26,AAAGTCGGTGCTATAAGTGC,3,1,3,6,0,3,5
Msmo1,CGTGCGAAATCCTCCAATAT,4,2,4,0,1,4,6
Mt2,CAGACGGTTGGACATAATCC,5,3,5,1,2,5,0
Mtch1,ACTTGCCAGGAGTATTACCT,6,4,6,2,3,6,1
mt-Co1,ATTATTATTCGCCGACGGAG,0,6,2,6,1,5,1
Mtfp1,ATCGCGAGGGTTCTAGATAT,1,0,3,0,2,6,2
mt-Nd2,ATGAGTGTCGTCAGCGTAAT,2,1,4,1,3,0,3
mt-Nd4,AGAACACATTTATCGCCGTG,3,2,5,2,4,1,4
mt-Nd5,TTATTACATCGAGGCGAACC,4,3,6,3,5,2,5
Mtpn,GGACAGGTACGTAGATGTCT,5,4,0,4,6,3,6
Mtss1l,TTTTAATGACGACGCCTGTC,6,5,1,5,0,4,0
Mturn,GATTGCATCGCGAGAGAGTA,0,0,4,2,5,3,0
Mtx2,GTCCGTCGCTGTGATTTTAC,1,1,5,3,6,4,1
Mxra7,TGATTAAGCCAGCGTCACTA,2,2,6,4,0,5,2
Mycbp2,CGATGGACGCAAACTTTCTC,3,3,0,5,1,6,3
Myeov2,CGTAGTTACTAGGATCCACC,4,4,1,6,2,0,4
Myh14,ATCGTAATTTCGCATCACCG,5,5,2,0,3,1,5
Myl12b,TACGATGTTAGAGCACCGTA,6,6,3,1,4,2,6
Myl6,CGTGTCTTTCGTCGACTGAT,0,1,6,5,2,1,6
Myo1b,TTATTGGACGTACCGGTTTA,1,2,0,6,3,2,0
Myo5a,GCGTGCATACGATAAAGCTT,2,3,1,0,4,3,1
Myrip,GATGTCTATGTATCGGCGTG,3,4,2,1,5,4,2
Myt1l,TAACAAACTGCCAATCCGAC,4,5,3,2,6,5,3
Nacc2,AATCGAATTTAGCGTGACGG,5,6,4,3,0,6,4
Napb,ACGGGTGTCTCATCAATCAG,6,0,5,4,1,0,5
Nat8l,GTAGTTTTCCCGTTAGCCAT,0,2,1,1,6,6,5
Nav1,GATAAAATCGCCTCAGCGTT,1,3,2,2,0,0,6
Nbl1,TTGGACGTTTAGTACCACAC,2,4,3,3,1,1,0
Ncald,GGATGGTTACTAGCCAAACT,3,5,4,4,2,2,1
Ncam1,AGCTAGGCGAGTCAATTCAG,4,6,5,5,3,3,2
Ncdn,GTGCGTTATCCCGTTTTGAT,5,0,6,6,4,4,3
Nckap1,GTTGATGCGACCTGTATAGC,6,1,0,0,5,5,4
Ncs1,TGTCATAACTAATCCCCGTG,0,4,0,6,5,1,5
Ndfip2,ACTCCGGTCTTATCGAACTT,1,5,1,0,6,2,6
Ndn,AGTTGTCCTATCGAATGGGA,2,6,2,1,0,3,0
Ndrg2,GATTTACCATCGTTCGGCTT,3,0,3,2,1,4,1
Ndrg3,TTGCTTTCGAATTAGCGGTC,4,1,4,3,2,5,2
Ndrg4,CAGGTATACGGAACGTACTC,5,2,5,4,3,6,3
Ndufa1,GTACACCGGTTAAAGACACA,6,3,6,5,4,0,4
Ndufa10,TCGTATCGTGCCAGATTCTA,0,5,2,2,2,6,4
Ndufa12,ATATGACATCGGCGGTTTAG,1,6,3,3,3,0,5
Ndufa13,GATGAATCTTCGAGCCTCGT,2,0,4,4,4,1,6
Ndufa2,AGCTAGGTACGTCCTGATTC,3,1,5,5,5,2,0
Ndufa3,ACGTTGACTACCCCTCATAT,4,2,6,6,6,3,1
Ndufa5,GCTATTGAGGCTTTACGACG,5,3,0,0,0,4,2
Ndufa8,GCTGTTCGGTTATCTTGGAC,6,4,1,1,1,5,3
Ndufa9,GCACGAACGCCATTCTATTT,0,6,4,5,6,4,3
Ndufab1,GACTTCATTGCGAGAAAGGC,1,0,5,6,0,5,4
Ndufb10,GTGAACGATTTCCTGCGTTC,2,1,6,0,1,6,5
Ndufb11,GATTCCGCCGAAGTCATAAC,3,2,0,1,2,0,6
Ndufb2,GCGGTAGTTACACCCTTAAT,4,3,1,2,3,1,0
Ndufb3,GAGTAGGACCGCAAGTTAAG,5,4,2,3,4,2,1
Ndufb4,TGCTAGTCAACCGTCTTTCT,6,5,3,4,5,3,2
Ndufb5,GGTGAGTTTCGCCTTTGATT,0,0,6,1,3,2,2
Ndufb6,TTCGTCTTTAAACCGCGTTT,1,1,0,2,4,3,3
Ndufb7,TTTGGGGCTTTCAACCTAAT,2,2,1,3,5,4,4
Ndufb8,GAGTCGGTGTCTCACGTAAA,3,3,2,4,6,5,5
Ndufb9,TATCCGGGAACAGTGTATTG,4,4,3,5,0,6,6
Ndufc1,ACTTGACGTTATTTCTGCGG,5,5,4,6,1,0,0
Ndufc2,TTCTCGGTATCAACGTGGAT,6,6,5,0,2,1,1
Ndufs3,CTGAGTAACATCGTCGAGCT,0,1,1,4,0,0,1
Ndufs4,TGATATCCAATAGACCGGCT,1,2,2,5,1,1,2
Celf6,GTTGAACTTCCGGCACTTAA,2,3,3,6,2,2,3
Cfl1,TGTCGAACATGACGCTAACA,3,4,4,0,3,3,4
Chat,GGTCCTAGTATTCACGCAAA,4,5,5,1,4,4,5
Chchd10,AACTTTCTAAACGGTACGGG,5,6,6,2,5,5,6
Chchd2,CCGAGATGTTTAGCCGTATT,6,0,0,3,6,6,0
Chd3os,TCAGGTTCGTATGGCTATGA,0,2,3,0,4,5,0
Chgb,TAAGTCGTGAGTTATGCCGA,1,3,4,1,5,6,1
Chn2,ATTATCAGACGCCGTGTTCT,2,4,5,2,6,0,2
Chodl,ATCTTGCGGAGATTTTCGCT,3,5,6,3,0,1,3
Chrm2,GGCTTGACACGCTTAGTAAG,4,6,0,4,1,2,4
Chrna3,CTTCAAGTTTCGGCGCTTTA,5,0,1,5,2,3,5
Chrna4,GATATTTCCGCGACACGATG,6,1,2,6,3,4,6
Chrna6,AATGATAGCCACGACTAGCT,0,3,5,3,1,3,6
Chrnb3,GGATCATGTTTCGCCTCTTG,1,4,6,4,2,4,0
Chrnb4,ATCAGGTTTACCGCTGTTAC,2,5,0,5,3,5,1
Ckb,ATATCTCGATCAACGCCACA,3,6,1,6,4,6,2
Cldn11,ACAGCTTACCAACGACAGTT,4,0,2,0,5,0,3
Cldn5,TCTTATGACTCGTAGCGCAA,5,1,3,1,6,1,4
Clec2l,AAGGCGTATGAGACCGATTA,6,2,4,2,0,2,5
Clmp,CATAAAGAGTAGCCTAGCGG,0,5,4,1,0,5,6
Clu,GTCGAGGCTATCGTTGATGA,1,6,5,2,1,6,0
Cmas,GTCACTGAAACGGCGTTTTA,2,0,6,3,2,0,1
Cnih2,CGAGAATTAGGCGTTTCCTT,3,1,0,4,3,1,2
Cnih3,TTGTGACAAATCGTATCGGG,4,2,1,5,4,2,3
Cnp,CACCGTTATTTGAGCGACAT,5,3,2,6,5,3,4
Cnr1,GACAATCATGCCTACGCTTT,6,4,3,0,6,4,5
Col19a1,GCTCGGGATTTACGTCTTTA,0,6,6,4,4,3,5
Col25a1,TTCAGTCGATATTGCGGTCT,1,0,0,5,5,4,6
Col27a1,GATGAGACACACGTCGACTT,2,1,1,6,6,5,0
Col6a1,AAAGACGGTTCAGACGTGTT,3,2,2,0,0,6,1
Coro6,GTAGAAATACGCCCACTGTT,4,3,3,1,1,0,2
Cort,ATAGCACTATCCATCGTGGT,5,4,4,2,2,1,3
Cox6a2,AGCGGTAATGTCTTATTCGC,6,5,5,3,3,2,4
Cox8a,CATCGTAGGACATCGGTTTC,0,0,1,0,1,1,4
Cpe,CGAATTGATCAGACGCGAAC,1,1,2,1,2,2,5
Cplx1,CAGCTTTCACGAACGTCTCT,2,2,3,2,3,3,6
Cplx2,ATGTTCGATGAGGGCTCAAT,3,3,4,3,4,4,0
Cplx3,TTCTGAAGTTTCGCGCTCTA,4,4,5,4,5,5,1
Cpne2,CAATTAACTGCGACCACCTT,5,5,6,5,6,6,2
Cpne4,AGTGTCTGAATCGAGCCATC,6,6,0,6,0,0,3
Cpne5,GGCTATTCTCATGTTGCGTG,0,1,3,3,5,6,3
Cpne6,CGTGTATGTTACGGACTAGG,1,2,4,4,6,0,4
Cpne7,AATAGCGTATACCCATGTCG,2,3,5,5,0,1,5
Cpne8,GTGACGCTTACTAGTCACCT,3,4,6,6,1,2,6
Cpne9,ATTAATCGTTCGTAGTGGGG,4,5,0,0,2,3,0
Crabp1,CTCGGTAACTATCAACACCG,5,6,1,1,3,4,1
Crh,ATCCAATGATCACACGCGAT,6,0,2,2,4,5,2
Crhbp,TGGCTTCGATCCACTAAAGT,0,2,5,6,2,4,2
Crtac1,GTCACGGTTTGCTAACGAAA,1,3,6,0,3,5,3
Cryab,TGTATCCGATTGCACTGACA,2,4,0,1,4,6,4
Ndufs5,TTTTACTCGGCGTTAGCATC,3,5,1,2,5,0,5
Ndufs6,GCGCATAGTAAACGGTCTTA,4,6,2,3,6,1,6
Ndufs7,TTGCAATGATTCGTAACCCG,5,0,3,4,0,2,0
Ndufs8,GGTAGACAACCCGTTCTATC,6,1,4,5,1,3,1
Ndufv1,TGATCCAATTCCTGTCGACA,0,3,0,2,6,2,1
Ndufv2,AATTTATCGTGGATGACGGC,1,4,1,3,0,3,2
Ndufv3,AACGTGTGGTCTCGTTAAGA,2,5,2,4,1,4,3
Neat1,TCCACAATTTACGCTATCGC,3,6,3,5,2,5,4
Necab3,GCGTATGATTCGTTTCTCGG,4,0,4,6,3,6,5
Nedd8,CGTACTGAGTCTCTCGCATC,5,1,5,0,4,0,6
Negr1,ATCGCATGTGATTAGGGTTG,6,2,6,1,5,1,0
Nell2,GCGTTACAGTGCGTATATCA,0,4,2,5,3,0,0
Nenf,AGTAGGTCTTTCGCATTCCT,1,5,3,6,4,1,1
Nfasc,GCGGTTGCTAAATCGAACAT,2,6,4,0,5,2,2
Nfe2l1,GTGTATCGGACTCTCGTGAT,3,0,5,1,6,3,3
Nfu1,TCATGATCGAAACAAACCGC,4,1,6,2,0,4,4
Ngef,GCACAGTATGATGTCGCAAC,5,2,0,3,1,5,5
Ngfrap1,TGATTTGCTCTCGCGTAGTT,6,3,1,4,2,6,6
Nhp2,CTGCTCGTTAAGGGATGATG,0,6,1,3,2,2,0
Nkiras1,GCTGTATCGCTATTAACGCT,1,0,2,4,3,3,1
Nlgn1,TGAGTAATCGTCCGTAGGAA,2,1,3,5,4,4,2
Nlgn2,GTGCCGACCTAAAGTTTAGT,3,2,4,6,5,5,3
Nlk,TGTTTTGCCTCGTCGATAGA,4,3,5,0,6,6,4
Nme1,TTACCAGGTATAACTCCGTG,5,4,6,1,0,0,5
Nmnat2,ATCCAGTGTACGTTCCGATA,6,5,0,2,1,1,6
Nop10,TTAGTTACGCTCGCTATTGG,0,0,3,6,6,0,6
Npdc1,TGCATTAGTCCTCGTTACGT,1,1,4,0,0,1,0
Npm1,TGCGTAGACATACCATCGTT,2,2,5,1,1,2,1
Nptn,GATTTTGTCGAGGTTGGCTG,3,3,6,2,2,3,2
Nr2f1,TTCCTATTTGCGATAAGCCG,4,4,0,3,3,4,3
Nr3c1,GTTGCAAGTGCGCTCTATAA,5,5,1,4,4,5,4
Nr4a1,GAGCTTAGACCGAACGTTTG,6,6,2,5,5,6,5
Nrbp2,GTATACGTCGACTATTCCGG,0,1,5,2,3,5,5
Nrcam,ATAAGCGTTTTCTACGGACC,1,2,6,3,4,6,6
Nrip3,ATTCAGAACTCGATCGGAGG,2,3,0,4,5,0,0
Nrp1,GCTCTATTAAACGACCGCTT,3,4,1,5,6,1,1
Nrp2,TGCTGGATAAGTAGTGTCCA,4,5,2,6,0,2,2
Nsf,TGGGACTATGTTATCGACCA,5,6,3,0,1,3,3
Nsg1,ATTACAATCTCGCGCTTTGG,6,0,4,1,2,4,4
Nsmf,ACGTTTCTTATAACCCGTCG,0,2,0,5,0,3,4
Nt5dc3,TTCGGTACGAGACTCAACTG,1,3,1,6,1,4,5
Ntrk2,TTCGCACTATACTACTGCGT,2,4,2,0,2,5,6
Ntrk3,GGAATGGTCTAGCGCATTTA,3,5,3,1,3,6,0
Nudt3,GTCTGGCGTACAAGATATCG,4,6,4,2,4,0,1
Nudt4,TTGATTGCTCGTCGTCACTT,5,0,5,3,5,1,2
Oaz2,ATTGGTATGTCACCGCATTC,6,1,6,4,6,2,3
Ociad2,AACCCGTATAACTGCGTAAT,0,3,2,1,4,1,3
Ogdh,CCACGAAATGCGACATGTAG,1,4,3,2,5,2,4
Opa1,TCATGAGCGGATATTCACCT,2,5,4,3,6,3,5
Osbpl1a,GTGATTGATCGTACCGGATC,3,6,5,4,0,4,6
Osbpl3,GCAGTATCCCTCGTTCTTTG,4,0,6,5,1,5,0
Osbpl6,TTACGCTTTTGGAGCTAACG,5,1,0,6,2,6,1
Ost4,AGAATCGATGACGAATGCGT,6,2,1,0,3,0,2
Oxct1,AGCTGCATTGCGCTTATTTC,0,4,4,4,1,6,2
Oxr1,GCTCACGAAGTCGTAGTGTA,1,5,5,5,2,0,3
Pacsin1,GTTGCAATTTCCTTCGACGT,2,6,6,6,3,1,4
Pafah1b1,GTTGATATGTCTCGTTCGCC,3,0,0,0,4,2,5
Paip2,GCTTGACGACGAGATTAGCT,4,1,1,1,5,3,6
Pak1,GTTATGTAGGACGCAGATGG,5,2,2,2,6,4,0
Pak3,ACATCGACGTGGCTTACTAT,6,3,3,3,0,5,1
Pam,GGCTACTTTGTTTCGTACGA,0,5,6,0,5,4,1
Park7,TATACGGGCTAACGTTTGAC,1,6,0,1,6,5,2
Pbx1,GCGTCGAAATTCGTGATTCC,2,0,1,2,0,6,3
Pcbd1,CCAGGTTGTCGACTCTTCTA,3,1,2,3,1,0,4
Pcdh1,GACGTATGGTAGTCGCATTG,4,2,3,4,2,1,5
Pcdh10,ACGTTAGTATAGTCGGCACT,5,3,4,5,3,2,6
Pcdh15,GGCTGAGTACTTCCGTAGAT,6,4,5,6,4,3,0
Pcdh17,TTAGTCTTCATTCCGGCTCA,0,0,5,5,4,6,1
Pcdh19,TACTGCTTCGACTGTAACCA,1,1,6,6,5,0,2
Pclo,GCGAAGTTTTGTTCCGTCAA,2,2,0,0,6,1,3
Pcsk2,ATTCGTTTCTGCCGATTCGA,3,3,1,1,0,2,4
Pdcd5,ACGACGTAATTGCCCTATTG,4,4,2,2,1,3,5
Pdcl3,TAGTTGACGACCAGAGTACC,5,5,3,3,2,4,6
Pde2a,TAATTCGCGTCCTGCAATAG,6,6,4,4,3,5,0
Pde4a,GAAGCCCGATAAAGGTTACA,0,1,0,1,1,4,0
Pde5a,TTTCGCCCCTATAATAGGTC,1,2,1,2,2,5,1
Pdgfa,AGCCAACGGATTAGCATTTG,2,3,2,3,3,6,2
Pdha1,GGATTTTCCGTATCGCTTGT,3,4,3,4,4,0,3
Pdhb,CGTCGGTGATAGTTTACCTC,4,5,4,5,5,1,4
Pdp1,CGAGGGTTTACGATCATTCC,5,6,5,6,6,2,5
Pdxk,TATTATTCGCTTCACGCTGC,6,0,6,0,0,3,6
Pdzrn4,TTTGCTCTCCGGGATTTAAC,0,2,2,4,5,2,6
Pea15a,GTGTCGAAACGATTACTCGC,1,3,3,5,6,3,0
Pebp1,TGCTCGTTGCAATCAGTTCA,2,4,4,6,0,4,1
Peg3,GCTCTTTAGATGCGAGAGGT,3,5,5,0,1,5,2
Pex5l,ATTAGGTTGCGTTGCGATTC,4,6,6,1,2,6,3
Pfdn1,TCGTGCGAGAGAGTTGTAAG,5,0,0,2,3,0,4
Pfdn2,GTGGAATACTCCGGAAAGTC,6,1,1,3,4,1,5
Pfdn4,GTTCGTAAGGAATGCGAGTC,0,3,4,0,2,0,5
Pfkp,GTTCGTTGCTTCGCTTACTG,1,4,5,1,3,1,6
Pfn2,CTTTGTGTACGTCTTGGCTC,2,5,6,2,4,2,0
Pgap1,CGAAAAGTTCGCGTCGTATG,3,6,0,3,5,3,1
Pgk1,CTGTAACAGAGTCGCGTTCT,4,0,1,4,6,4,2
Pgm2l1,CGTACATGATCGCGACATTC,5,1,2,5,0,5,3
Pgp,GGATCTCGTACTCGTACCAT,6,2,3,6,1,6,4
Pgrmc1,TGACGTGGTTACCTTTTACC,0,4,6,3,6,5,4
Phactr1,TTGTATGGTTGGTCCGTATC,1,5,0,4,0,6,5
Phf24,AGTTGTAGGTTCCGCTTTTC,2,6,1,5,1,0,6
Phyh,TTCCGTGTATCGCTTACAGT,3,0,2,6,2,1,0
Phyhip,GTTACGAGTTACCGGCAATT,4,1,3,0,3,2,1
Phyhipl,ACGAAACGGACTATGCAATG,5,2,4,1,4,3,2
Pid1,GAAAGCACATTACCGACGAG,6,3,5,2,5,4,3
Pin1,AAGTCCGTTGACCGAGTAAT,0,5,1,6,3,3,3
Pip5k1b,CTATGATTCGGCTGGTTGAG,1,6,2,0,4,4,4
Pip5k1c,AAGCATCCTACGACCTGTAA,2,0,3,1,5,5,5
Pitpna,GTATGTTTGCGCATTAAGCC,3,1,4,2,6,6,6
Pitpnc1,ATCGACCGGTTACGTATAGA,4,2,5,3,0,0,0
Pja2,TTCTAGTTCAGACGGTGACG,5,3,6,4,1,1,1
Pkm,TGTTCGTCGTTTACGGACTA,6,4,0,5,2,2,2
Pkp4,TTGGCGGTCTTCGTATATTC,0,6,3,2,0,1,2
Plekhb2,TTTCTCAATCCACGGCATTG,1,0,4,3,1,2,3
Plk2,CGGATTAGCCGTCCTTTATT,2,1,5,4,2,3,4
Plpp3,GTGTAGAACATTACGCGCTT,3,2,6,5,3,4,5
Pls3,ATAGCGCAGGATAGTCCATA,4,3,0,6,4,5,6
Plxna1,TCGAACGATTCGTTGATCCT,5,4,1,0,5,6,0
Plxna2,CCTAGACCCAACGTTTCAAT,6,5,2,1,6,0,1
Plxna4,GCTAAGCGTTCCAACGTTAT,0,1,2,0,6,3,2
Pmepa1,TGGAGTAACTTGGATTCCGA,1,2,3,1,0,4,3
Pmm1,TTTTCTATGCTCGCGTGTCT,2,3,4,2,1,5,4
Pmvk,GTCCGGTAAGTATTGAGTCG,3,4,5,3,2,6,5
Podxl2,TTGATCGAGCGCACTCTTAT,4,5,6,4,3,0,6
Pomp,GTGGCGATGTTACTGGTAAT,5,6,0,5,4,1,0
Pop5,ACTAGGTTTCGGATAGCGTA,6,0,1,6,5,2,1
Ppa1,GTCACTTGTAATTGGCGGAT,0,2,4,3,3,1,1
Ppfia2,TAATATCTGAGCCGCTAGGA,1,3,5,4,4,2,2
Ppfia4,CAATTCCGCGTTAGTACCTA,2,4,6,5,5,3,3
Ppia,GTTGCTTAGCCGCAGTATAA,3,5,0,6,6,4,4
Ppm1a,TCGGCAATGTTTCGTTTCTG,4,6,1,0,0,5,5
Ppm1e,GCGTTTTGTGCGTAATGACT,5,0,2,1,1,6,6
Ppm1h,AGGATTCGCTCATTCGTTGT,6,1,3,2,2,0,0
Ppm1l,AAGAAGTCTTAGCGACGTCG,0,3,6,6,0,6,0
Ppme1,TGTCACGCATATTCCTGAGT,1,4,0,0,1,0,1
Ppp2r1a,CTCGGTATTTGGTAACCCTA,2,5,1,1,2,1,2
Ppp2r2b,CCTAAACTCCGTATTGCGAA,3,6,2,2,3,2,3
Ppp2r2c,GATTCTAGTTTTCCGACCCC,4,0,3,3,4,3,4
Ppp3cb,ACACGATCCATTCTGGACAG,5,1,4,4,5,4,5
Ppp3r1,TGTGATCTACGACTCGCTTG,6,2,5,5,6,5,6
Prdx1,AATACGTCGTTTGGGTACAC,0,4,1,2,4,4,6
Prdx2,ATTAATTCGCCTTACCCGAA,1,5,2,3,5,5,0
Prkaca,ACGCATGTATTTACACCGTG,2,6,3,4,6,6,1
Prkacb,ATTATTCGTCTGGCGTCAGT,3,0,4,5,0,0,2
Prkar1b,CCGAAGTCAACGCATGAATG,4,1,5,6,1,1,3
Prkcb,TCATAATCTATCGGCGTCCA,5,2,6,0,2,2,4
Prkcd  ,CCTTAGCCGCATAGGTATAA,6,3,0,1,3,3,5
Prkce,TAACCTCATCGTAACGCTCT,0,5,3,5,1,2,5
Prmt1,CTTGAGCTTAACGATGGTGG,1,6,4,6,2,3,6
Prmt2,GGCGTGCGTAAATAGTAAGT,2,0,5,0,3,4,0
Prmt8,GTCTTGAGTAGGACGCATGT,3,1,6,1,4,5,1
Prnp,ACTGATTTAATGGGTTCGCC,4,2,0,2,5,6,2
Prr13,ACTAGATGATCGTCGTGTGG,5,3,1,3,6,0,3
Prrc2b,TGTCGAGTTTCACTATCCCA,6,4,2,4,0,1,4
Psap,AGGGTACAAATTTACGCCTC,0,6,5,1,5,0,4
Psd,TCTCGCTAGTGGTAGATTCC,1,0,6,2,6,1,5
Psd3,GATGGGTTGCACTGTCATTG,2,1,0,3,0,2,6
Psma2,ATCTGTTACGATGCCATCCT,3,2,1,4,1,3,0
Psma4,AAGCCCATGTTCGCTAAATG,4,3,2,5,2,4,1
Psma5,TTGTCGGACTCATGCACTAA,5,4,3,6,3,5,2
Psma6,TGCGACGAGTTATGAGTCTC,6,5,4,0,4,6,3
Psma7,TGAACCGAACCTAATTGCAC,0,0,0,4,2,5,3
Psmb1,CTTATAACGGGTTGTTACCC,1,1,1,5,3,6,4
Psmb10,GGACATATACCAGGCGTTTT,2,2,2,6,4,0,5
Psmb2,TAACTATTTCTAGCGCGGTG,3,3,3,0,5,1,6
Psmb3,TTCCATATGAGTGCGCTAGT,4,4,4,1,6,2,0
Psmb4,CCGTTAGGTGAATAGTGGAC,5,5,5,2,0,3,1
Psmb5,TGAAGCCTATAGTACGCTGA,6,6,6,3,1,4,2
Psmb6,AAACCAGCATAGTATACGCG,0,2,6,2,1,0,3
Psmc1,TCTAAGCTAGTGACGATGCG,1,3,0,3,2,1,4
Psmc5,ACTTCACGAACTCCTAGAGG,2,4,1,4,3,2,5
Psmd8,AATTCCAGCTACGACGAAGT,3,5,2,5,4,3,6
Ptgfrn,GTTTCTTGCACACCGAACAG,4,6,3,6,5,4,0
Ptms,ACCGGCGTTATAAACAACAT,5,0,4,0,6,5,1
Ptp4a2,TAATAACTCGCTCGTCGCTT,6,1,5,1,0,6,2
Ptprd,CGTTAGTTAACGCAGAGTCC,0,3,1,5,5,5,2
Ptpre,ATGTAACACCGGTAATGTCC,1,4,2,6,6,6,3
Ptprf,TTAACGGAACCGCTAGATTG,2,5,3,0,0,0,4
Ptprn,ACCGACTGGACGATAACATA,3,6,4,1,1,1,5
Ptprs,CTTGTTCACACGGACAAACG,4,0,5,2,2,2,6
Ptprt,CTACTTAGGTCGGTGGATTG,5,1,6,3,3,3,0
Ptprz1,TAACTTGTACCCCGTATAGC,6,2,0,4,4,4,1
Purb,CACGTTAAGTTAGCGCTGTA,0,4,3,1,2,3,1
Pvrl1,ATTTACGACTAGGCTCACGA,1,5,4,2,3,4,2
Pvrl3,GCTCGTGTAGTTCCAACAAG,2,6,5,3,4,5,3
Pygb,CGCACGTACTCAATTCTTCG,3,0,6,4,5,6,4
Qk,GCACTTGCAAGCGATTACTC,4,1,0,5,6,0,5
Rab11fip4,TTGCGTATTACCGTTAGCTT,5,2,1,6,0,1,6
Rab15,CGATTACTGGTCGAAGTTCC,6,3,2,0,1,2,0
Rab1a,GATATGTTCGACCAACTGCG,0,5,5,4,6,1,0
Rab26,TACATAAATCGGTGTACGCC,1,6,6,5,0,2,1
Rab27b,CATTACGTAACAGGCGACAG,2,0,0,6,1,3,2
Rab3a,GTTCCGTAGAAGTTCGTTGC,3,1,1,0,2,4,3
Rab6a,CTACACAACCTGCGGATTAG,4,2,2,1,3,5,4
Rab6b,ACTTTCTTGCGAGACGATCC,5,3,3,2,4,6,5
Rab7,CTTTAGTCGACGGGCATATC,6,4,4,3,5,0,6
Rabac1,CAATTTGGACGCTTTCGCTA,0,6,0,0,3,6,6
Rac3,ATTCGTAATGCGGAAGTTCG,1,0,1,1,4,0,0
Rala,GATAATTCGTCGGTAGGCTC,2,1,2,2,5,1,1
Ran,GACTTACTGGCGATTCGAAC,3,2,3,3,6,2,2
Ranbp1,GTCAATGACGATGGGTATCC,4,3,4,4,0,3,3
Rangap1,CTGCAAACAATCGAAGACGG,5,4,5,5,1,4,4
Rap1gap2,CCATCGCAACAACGTAAGAG,6,5,6,6,2,5,5
Rap1gds1,CGAGAAGCGTATGTCGAACT,0,0,2,3,0,4,5
Raph1,GACGATAAACGCCTTCTCAC,1,1,3,4,1,5,6
Rasgef1a,TATGGACGATCACATCACGT,2,2,4,5,2,6,0
Rasgrf1,ATGAACCATCTGTCGTCTCC,3,3,5,6,3,0,1
Rasgrp2,TCATGGTATAATCTACCGCC,4,4,6,0,4,1,2
Rbfox2,TATTCCGATTGGTTGAACGC,5,5,0,1,5,2,3
Rbms1,TGTTCTGATCTGTCGAACGG,6,6,1,2,6,3,4
Rcan2,ATCTCGGTAATTCGAACGCA,0,1,4,6,4,2,4
Rcan3,CCTAGTCTAAAATCGCGTCG,1,2,5,0,5,3,5
Reep1,ACGTTACAGAATTATCCGGG,2,3,6,1,6,4,6
Reep5,TCATGCGATTATCCCTCACA,3,4,0,2,0,5,0
Rell2,TTGAGGTCCGTGAATATCGT,4,5,1,3,1,6,1
Reps2,CGCATGGACGGTATGAATTT,5,6,2,4,2,0,2
Rexo2,CTTCGTTAGTTCACCATCGG,6,0,3,5,3,1,3
Rgs2,TAGGCCAAATACCGTGTTAG,0,4,4,3,4,3,3
Rgs7bp,TGCTCGTCACGGATATAGTC,1,5,5,4,5,4,4
Rheb,GAGACGCGCTAGATCACTTT,2,6,6,5,6,5,5
Rimbp2,ATCGAATTACCATCGCGACT,3,0,0,6,0,6,6
Rims1,AGATAACGGAAGGCGAATTG,4,1,1,0,1,0,0
Rims3,TAGTCTTGAGACGAGCCAAC,5,2,2,1,2,1,1
Rit2,AAGTTCGTGTCTCCGAAGAG,6,3,3,2,3,2,2
Rln3  ,CAAGTATCTGTTTCGCCGTC,0,5,6,6,1,1,2
Rnf112,AGACACGCGATTGTTTAACC,1,6,0,0,2,2,3
Rnf14,GGGGTGTACCGATTATAACT,2,0,1,1,3,3,4
Rnf165,ATCATAGTCGATCCGTGGTA,3,1,2,2,4,4,5
Rnf187,TTCTATCCGTCGGCTATAGT,4,2,3,3,5,5,6
Robo2,TAAAACTTGCTCGGTATGGC,5,3,4,4,6,6,0
Romo1,ACGTCTGTATCTCGCGTATG,6,4,5,5,0,0,1
RP23-291B1.2,TAGTTCGATCGGTTCGCTTA,0,6,1,2,5,6,1
Rph3a,GAGTTTACGCGAGGTGATTC,1,0,2,3,6,0,2
Rpl10,TGCTACGTAAATCAATCGCG,2,1,3,4,0,1,3
Rpl10a,CATCAAATCAACGACGGGTC,3,2,4,5,1,2,4
Rpl11,CCTTAAATTGCGAGTAGCCA,4,3,5,6,2,3,5
Rpl13a,GGGTACGCTATTGACTAGAC,5,4,6,0,3,4,6
Rpl14,CTTAAAAGTTCTGCGCTGGT,6,5,0,1,4,5,0
Rpl15,TGAATGATCCTTCGTCGTCG,0,0,3,5,2,4,0
Rpl21,TGTGGTTAAGCGGGTATAAA,1,1,4,6,3,5,1
Rpl22l1,GTATACTTGTCGCTGCTACC,2,2,5,0,4,6,2
Rpl27,GTTACAGCGTACTTAAGCGT,3,3,6,1,5,0,3
Rpl32,AGGATTGACACCTCGCAATA,4,4,0,2,6,1,4
Rpl34,TAGGTTGAATGGCCGATATC,5,5,1,3,0,2,5
Rpl35,CGTCGTATTAGATCCGGTTC,6,6,2,4,1,3,6
Rpl35a,GTTGTTCAATGCGTTCACGT,0,1,5,1,6,2,6
Rpl36,TATCGCAGATCACGATGCTC,1,2,6,2,0,3,0
Rpl36a,AAATCTTGTTTGGACGTCGC,2,3,0,3,1,4,1
Rpl38,GTCTGACGATTCTAGCGTGA,3,4,1,4,2,5,2
Rpl39,ATCGATACTTGCTACGTGCA,4,5,2,5,3,6,3
Rpl6,CAATGGTATTCGTCGGTTCA,5,6,3,6,4,0,4
Rplp0,TTGCAATTCGGAGACGATCA,6,0,4,0,5,1,5
Rps12,CTGGATTAACCGAACGCTTT,0,2,0,4,3,0,5
Rps15a,TGCGTAGTAGTTCAACACGT,1,3,1,5,4,1,6
Rps20,GGATTACAACGGAGATAGGG,2,4,2,6,5,2,0
Rps26,TTACACGATGTCGTCCAAGT,3,5,3,0,6,3,1
Rps27a,CAACGCTACGCTGTTCATAA,4,6,4,1,0,4,2
Rps29,TTCGTGTACGCAATCTCGAT,5,0,5,2,1,5,3
Rps3a1,GTGTCGTTCACCAACGATAG,6,1,6,3,2,6,4
Rps4x,GTCACGACTAGACGCGAATA,0,3,2,0,0,5,4
Rps5,CGTGTGTCATTAGTGCGTTG,1,4,3,1,1,6,5
Rps6,AATTCCTTATATGCGCCGAG,2,5,4,2,2,0,6
Rps9,AATTCGACCATTAGCGAGCT,3,6,5,3,3,1,0
Rtn1,ATTTAGGTCGAGCCTGAGTT,4,0,6,4,4,2,1
Rtn3,GTTTCTAGGACCGAACACTG,5,1,0,5,5,3,2
Rtn4,TCGCAGTATAAGCTCGTCTC,6,2,1,6,6,4,3
Rtn4rl1,ATCGTTTGTCCGTTGGTATC,0,5,1,5,6,0,4
Rufy3,TTTTCGGAGTGTAATCGCAC,1,6,2,6,0,1,5
Rundc3a,TTGGTATACGTGCGAAACAC,2,0,3,0,1,2,6
Rwdd2a,TTGGCGAGGACAGATATTCT,3,1,4,1,2,3,0
S100a10,GTCGAGTAGTCTCCCTACAG,4,2,5,2,3,4,1
S100b,TTACTCTCGGTCCGTGATAA,5,3,6,3,4,5,2
Samd4,GATGTTCGGGTATTCCATCG,6,4,0,4,5,6,3
Saraf,TTAGTATCTCCGGGAGCTTA,0,6,3,1,3,5,3
Sat1,CAGCGTCGAGTCATTATACC,1,0,4,2,4,6,4
Scamp1,GGCATGGTGTTAGTAACGAT,2,1,5,3,5,0,5
Scamp5,CTTCACATTTACGCTAGCCA,3,2,6,4,6,1,6
Sccpdh,CAAGGTCGTTCCATGAACAC,4,3,0,5,0,2,0
Scd2,GAGCTTAACGGGTAGATAGC,5,4,1,6,1,3,1
Scg3,ACACGATTAGTTCTGCCGAA,6,5,2,0,2,4,2
Scn2a1,GAAAATTGCGTATCTCCCCT,0,0,5,4,0,3,2
Scn2b,GCATCGTTAATCACTGGACG,1,1,6,5,1,4,3
Scn3b,AGATTCGTTTCCGCTGTAGT,2,2,0,6,2,5,4
Scn8a,TTACGCTAGACCGAATACCT,3,3,1,0,3,6,5
Scrn1,TATATCCTGGTTTCGGGTAC,4,4,2,1,4,0,6
Sdc3,CTCCAGTAATCGTACGTAGG,5,5,3,2,5,1,0
Sdf2,TATAGCGCGATAGTGGTCTA,6,6,4,3,6,2,1
Sdhb,GTAGAATATGTAAGCGGCCT,0,1,0,0,4,1,1
Sec11c,CTCAGTGCCGAGTTCACTAA,1,2,1,1,5,2,2
Sec62,CAAGTCGATTAACGGCAACA,2,3,2,2,6,3,3
Sel1l3,CTTTTCGAGCGGTATGAGTG,3,4,3,3,0,4,4
Selk,GATGACTTCCGACCGATCTA,4,5,4,4,1,5,5
Selm,GAATCCATTACGTTCGCGAC,5,6,5,5,2,6,6
Selt,GAGGTGTCGAGCTATGTCTA,6,0,6,6,3,0,0
Sema6a,CGAGCTCTGACACGTAGATT,0,2,2,3,1,6,0
Sema7a,TGTCGTAAGCGTCGATGTTA,1,3,3,4,2,0,1
Sepp1,ATATGTGTTGCGCTCCTTAC,2,4,4,5,3,1,2
44077,CTAGGTTATGACCGCCTTAA,3,5,5,6,4,2,3
44078,ATGTGACATATCGGCGAAGT,4,6,6,0,5,3,4
44081,TAGTGATCCACTTCGATCGC,5,0,0,1,6,4,5
44082,AAGGTCTTTGTTACGCAACG,6,1,1,2,0,5,6
Serf1,TATACTATACCCCATCGGTG,0,3,4,6,5,4,6
Serf2,TGAAGTAAAATTCCGCCCTG,1,4,5,0,6,5,0
Serinc1,AGTGTGTCGCGAGATTGAAC,2,5,6,1,0,6,1
Serp2,CGTTTCGGAAGTCCGTATTA,3,6,0,2,1,0,2
Serpinb6a,AGTTATATGGATCGCTCGCT,4,0,1,3,2,1,3
Sertm1,AGAGCTTCGTCAACCAAGTT,5,1,2,4,3,2,4
Set,CTGTGTTGTCCGCACTATTG,6,2,3,5,4,3,5
Setd7,AAGTAACTCTCACCGCAGTT,0,4,6,2,2,2,5
Sez6,GATAAAGGCCTTAGTCCGAG,1,5,0,3,3,3,6
Sez6l,AAATATCAGGCGATGTACCC,2,6,1,4,4,4,0
Sfxn1,CGACGAATTGTATAGGCGTT,3,0,2,5,5,5,1
Sh3bgrl3,ACGCTAAGATTCGAGTCCTG,4,1,3,6,6,6,2
Sh3gl2,GCTTATTCGTGCCGTGTTAT,5,2,4,0,0,0,3
Shisa4,TGAAATACGTCGCTTCGTGT,6,3,5,1,1,1,4
Shisa9,GTTCGTTTGCTTGACGTCTC,0,6,5,0,1,4,5
Sipa1l2,GTAAGCGGTAACCCTTTGAT,1,0,6,1,2,5,6
Sirpa,TATTGTGTTACGCTCTTGCC,2,1,0,2,3,6,0
Slc12a5,GTTGCCTGATTCCCGTTATA,3,2,1,3,4,0,1
Slc22a23,TAGCTATCGGGGTCTAAGAA,4,3,2,4,5,1,2
Slc24a3,TTGTTACTCGTATGGCATGG,5,4,3,5,6,2,3
Slc25a22,TAGAGCATCGGTACGTTCTC,6,5,4,6,0,3,4
Slc25a3,CTTATACGGGCCAACTTACT,0,0,0,3,5,2,4
Slc25a4,GGTCATGCATCTGTCGAGAA,1,1,1,4,6,3,5
Slc25a5,AGAATCGTCTATTCGTGGCA,2,2,2,5,0,4,6
Slc2a13,CATACACGGTACTTTGGCTA,3,3,3,6,1,5,0
Slc2a3,TGTTGTCGTACCACGTATTG,4,4,4,0,2,6,1
Slc35f1,CGGTGTAGGTCTATTTGTCC,5,5,5,1,3,0,2
Slc36a1,AGTAATCAGAGTGCTCGACC,6,6,6,2,4,1,3
Slc38a1,TAAATACACTCTCCGCGACA,0,1,2,6,2,0,3
Slc4a4,TCTGTGCGGTCAATTCTCAA,1,2,3,0,3,1,4
Slc5a5,GTAAAATCGACTCGGGACAG,2,3,4,1,4,2,5
Slc6a6,GGTGCGTTTCGTGATCTTAC,3,4,5,2,5,3,6
Slc6a7,GTCATATCTTGTTCGGGCTG,4,5,6,3,6,4,0
Slc7a1,GCACTATTGTCGCGTTAGAG,5,6,0,4,0,5,1
Slc7a8,GGTGCATAAAGTGATCGGAG,6,0,1,5,1,6,2
Slc8a2,CTCTTGACACGTCCGAGTTT,0,2,4,2,6,5,2
Slit2,TTCATAGCTCGTCATCCCAT,1,3,5,3,0,6,3
Slitrk4,AGCGTCGGATTAGATTGTGT,2,4,6,4,1,0,4
Slitrk5,CGGCAGTTTACTCTATGACG,3,5,0,5,2,1,5
Slu7,GCTTTCGGATCCATTTTCGA,4,6,1,6,3,2,6
Smim13,TGCTACTTTTCGTCGAACGA,5,0,2,0,4,3,0
Smpd3,CTAGATACGAAGGCCCATTT,6,1,3,1,5,4,1
Snap47,GTCAAGTTCCGCGTTATGTT,0,3,6,5,3,3,1
Snap91,AGATGGGTAACGCTCTTAGA,1,4,0,6,4,4,2
Snn,CTTAGTCGGGTAAATTCCGT,2,5,1,0,5,5,3
Snph,TGAGTCTCTTCGTAGGGTTC,3,6,2,1,6,6,4
Snrpn,TATTACGCACCTACCTTGTC,4,0,3,2,0,0,5
Snx10,TACCAACATACCTCGGTCTA,5,1,4,3,1,1,6
Sobp,GTGCATCTAATCTATCGCCG,6,2,5,4,2,2,0
Socs2,ATTTGGCGATAGACCAGTGA,0,4,1,1,0,1,0
Sod2,TTAGCGTCTTCGACTGAGTG,1,5,2,2,1,2,1
Sorl1,CCTCGACAGACGCTTCTATT,2,6,3,3,2,3,2
Sort1,TGCGGTACATATAGTGCTCA,3,0,4,4,3,4,3
Sox4,ATATCGACGTTATTGGTCCG,4,1,5,5,4,5,4
Sox5,ATTGCGTCGTTGCCTAATAC,5,2,6,6,5,6,5
Spcs1,TAGAAGACTCGATTGCCCTT,6,3,0,0,6,0,6
Spcs2,CAGTAATCGGATACTCCACC,0,5,3,4,4,6,6
Spock1,GTTGAAACGTAACGTCGCTC,1,6,4,5,5,0,0
Spock2,CGTTGTAGCTCCGATCTTTG,2,0,5,6,6,1,1
Spock3,GTTTTACTTGACGGAGTCCG,3,1,6,0,0,2,2
Sprn,GGACTGTCGTGCACTTTTAG,4,2,0,1,1,3,3
Sptbn1,CAGATATCAAGACCCGGACT,5,3,1,2,2,4,4
Sptbn2,GCGGGTTGATCACTATAGTC,6,4,2,3,3,5,5
Sqstm1,CTCGTTCCGCGAAATGTAAA,0,0,2,2,3,1,6
Srcin1,GTCTGTCGATAACGCAGTCT,1,1,3,3,4,2,0
Srgap3,CGTAACTTTTAAACCGGCTG,2,2,4,4,5,3,1
Sri,AGAAGGTTTATGAGTCCGGT,3,3,5,5,6,4,2
Srp14,ATGTCTAGTCTCAACGGACG,4,4,6,6,0,5,3
Srp9,AGTTACCTAATCGTAAGCGC,5,5,0,0,1,6,4
Srxn1,GGATTAATCGCAGCACCAAT,6,6,1,1,2,0,5
Ssbp2,GCTTGTCATAAATTCGGCGT,0,1,4,5,0,6,5
Ssr4,TCTGTCTCGGCTAAATGCAT,1,2,5,6,1,0,6
Ssu72,TGCTATTGAACCGGTGTTAG,2,3,6,0,2,1,0
St3gal5,TTGACCGTGTATTCAGCTGT,3,4,0,1,3,2,1
St6galnac5,GGTCTCGATACCCGTTAATC,4,5,1,2,4,3,2
Stau2,GGCAGCGTATTTTCGTATGT,5,6,2,3,5,4,3
Stmn2,TTCGCTAAGATAGAGCCGAG,6,0,3,4,6,5,4
Stmn3,GCGACGGTCTTAATTGGATC,0,2,6,1,4,4,4
Stmn4,AAACCAGCTTAGCGTAGTCT,1,3,0,2,5,5,5
Strbp,TCATCTCTTCGACCAGCAAC,2,4,1,3,6,6,6
Stx1b,CGGGTGTCGTACTAAAAGTC,3,5,2,4,0,0,0
Stxbp1,GGCATTACGTCCTCTTACTG,4,6,3,5,1,1,1
Stxbp6,CTACCGATATTTCGGTCACC,5,0,4,6,2,2,2
Sub1,CTATAGGTTGGTAGGCGAAA,6,1,5,0,3,3,3
Suclg1,CCAATTTGAAGACGACCAGC,0,3,1,4,1,2,3
Sult4a1,AGTGAGACTCTTACGCCATG,1,4,2,5,2,3,4
Sv2a,GTTACGTACTAACGGCTGTC,2,5,3,6,3,4,5
Swi5,GTGTAATAACGAGCAGCGTT,3,6,4,0,4,5,6
Svop,TGTAGCGGTTTTATCTTCGC,4,0,5,1,5,6,0
Syn1,CCTAATTAAGCCACCGTGTA,5,1,6,2,6,0,1
Syn2,CGGTGAAGTAAAGATGCGTC,6,2,0,3,0,1,2
Syne1,TGTAGTCGTGGTCACCTATC,0,4,3,0,5,0,2
Syngr1,CAGATTAATCTCGCACGGAC,1,5,4,1,6,1,3
Syngr3,ACATGTCGCAATCGTATCGA,2,6,5,2,0,2,4
Synj1,TGACAGTACTAGCGAAGTGG,3,0,6,3,1,3,5
Synm,ATTGTGACGGTACTGCTAGT,4,1,0,4,2,4,6
Synpo,GTCAATCATTCGGTGGGTAA,5,2,1,5,3,5,0
Syp,GTCTTCTAATGCGGCGAAAA,6,3,2,6,4,6,1
Syt11,GGACTCGTGCGTAATATTCC,0,5,5,3,2,5,1
Syt13,GAGGTGATCCGAATCGTTGA,1,6,6,4,3,6,2
Syt17,GTAACGTCTGATGGCCATTC,2,0,0,5,4,0,3
Syt7,TGGACAGTTCGGAATCATGA,3,1,1,6,5,1,4
Taf13,TAAACAGTGCAATTCGTCCG,4,2,2,0,6,2,5
Tagln3,GCTGGTCGATATATTACGCA,5,3,3,1,0,3,6
Tanc1,TTGACACGTGATGTATCGGA,6,4,4,2,1,4,0
Tbc1d9,TATCAACGATGCGGTACTCA,0,6,0,6,6,3,0
Tbca,TTTATCAAAGCGGCACTTCC,1,0,1,0,0,4,1
Tbcb,CAAGAGACGTCCTGACGTAT,2,1,2,1,1,5,2
Tcaf1,TGGATTCGACTACTCACAGG,3,2,3,2,2,6,3
Tceb1,GTAAATCGTTCCGGAGGTTA,4,3,4,3,3,0,4
Tceb2,CAGTACGTAGAGGACGACAT,5,4,5,4,4,1,5
Tcf25,CCGACTCACGAATATGTCGA,6,5,6,5,5,2,6
Tenm1,CGTCGAGTGACTCTATCGTG,0,1,6,4,5,5,0
Tenm2,GTTTTGACCGAATAGCCGAA,1,2,0,5,6,6,1
Tenm3,TTAACTTGCATCCTCGCTCT,2,3,1,6,0,0,2
Tenm4,TTCGGGAAATCTATCCGTCT,3,4,2,0,1,1,3
Tesc,GAGGGCATGATACTACGTAG,4,5,3,1,2,2,4
Tgfb2,GTAAATTCTTCCGCAGGCTA,5,6,4,2,3,3,5
Tgoln1,GATCGAATCGCATGACGTCT,6,0,5,3,4,4,6
Thra,CACGATTTGTTCCGTCCTAG,0,2,1,0,2,3,6
Timm8b,GGTATGTCGCTCTAATGCAC,1,3,2,1,3,4,0
Timp2,TGTCGTTTGGTACGTTCACT,2,4,3,2,4,5,1
Tle4,TTGTCGGTACTCTAAGCGTT,3,5,4,3,5,6,2
Tmcc3,TGTGTTCTTGACCGAATCGA,4,6,5,4,6,0,3
Tmeff1,CGATTGTCTAACAGGCGTAC,5,0,6,5,0,1,4
Tmeff2,GGTGTCGATCGCTATGATCA,6,1,0,6,1,2,5
Tmem127,CATCTGTAGTCGGTAGTCGT,0,3,3,3,6,1,5
Tmem132a,GATGCCGATTCGCTCTAATC,1,4,4,4,0,2,6
Tmem132b,ACTTGATTAGTCCGCCTCAA,2,5,5,5,1,3,0
Tmem147,GTATGGCGTCGAAACTGAAG,3,6,6,6,2,4,1
Tmem151a,GCTGGTAATGCGACTCTAAC,4,0,0,0,3,5,2
Tmem151b,GAATTTGCATGACCCCATGT,5,1,1,1,4,6,3
Tmem160,TATCTCGACGATGCGTCTTG,6,2,2,2,5,0,4
Tmem176b,CCCGCAGTACTCGTATATAA,0,4,5,6,3,6,4
Tmem178b,AGAACGCCTAGTGAGAGAAC,1,5,6,0,4,0,5
Tmem229b,TACCGTTGTTGGTAATCCTC,2,6,0,1,5,1,6
Tmem256,GGCGTATCTGATCGATCCTA,3,0,1,2,6,2,0
Tmem30a,CATACACAGATCGAGGACCA,4,1,2,3,0,3,1
Tmem50a,CTGAGTGCGACGATCTACTC,5,2,3,4,1,4,2
Tmem50b,GCATCCCGACTATCGATTAG,6,3,4,5,2,5,3
Tmem59l,GCGTAGTTGAATCGGGAATC,0,5,0,2,0,4,3
Tmem65,GTACTCTACGGACTGAGACG,1,6,1,3,1,5,4
Tmod2,TCGACGGAAGACCCTTATTA,2,0,2,4,2,6,5
Tmx2,ATATACGATTGCGTTACGCG,3,1,3,5,3,0,6
Tnfrsf21,GAAAAGGTGTCCTATCGTGG,4,2,4,6,4,1,0
Tom1l2,CTTCCGTAAAGCGAGTAAGC,5,3,5,0,5,2,1
Tomm5,GATATGAATGCTCGTCGTGG,6,4,6,1,6,3,2
Tomm70a,CAATAATCTACGTACGGCGT,0,6,2,5,4,2,2
Tonsl,CGACTTTTCGTTGAGGTTCC,1,0,3,6,5,3,3
Tox2,CGCTCTAGTTATTGGTGTCG,2,1,4,0,6,4,4
Tpd52,ATATTATGCGATCGGTTCGC,3,2,5,1,0,5,5
Tpm2,CCGCATCTAATTCTACGCTG,4,3,6,2,1,6,6
Tpm3-rs7,ATACGCTCGTCTGAATGGAG,5,4,0,3,2,0,0
Tppp,GGACCTACCGCAGATATAAC,6,5,1,4,3,1,1
Tprgl,GTCTCTGCTGATCGTATGGT,0,0,4,1,1,0,1
Tpt1,CAGCATTAAGTAGTCCGCAG,1,1,5,2,2,1,2
Trappc2l,GCTGGTACGACTCTGTAGTA,2,2,6,3,3,2,3
Trappc4,TAAGTTGGTCCGCAAGTTAC,3,3,0,4,4,3,4
Trim2,TGTAATTTCGCCAACGTGTG,4,4,1,5,5,4,5
Trim37,GTATCGGTATCACGGTTAGG,5,5,2,6,6,5,6
Trim44,TTCTTTCGTTGGAGTGTCGT,6,6,3,0,0,6,0
Trim9,TGGTTATCGTACGGAACATG,0,2,3,6,0,2,1
Trnp1,TCCTACTTACGGTGTATCCT,1,3,4,0,1,3,2
Trp53inp2,GTACTTGTGCGTCAGACTCT,2,4,5,1,2,4,3
Tsc22d1,GGACCCGTAGATACTATTGC,3,5,6,2,3,5,4
Tsen34,GCTTGACGTAACCAGTATCG,4,6,0,3,4,6,5
Tsnax,GAGCTTCCGGGATAAAACTT,5,0,1,4,5,0,6
Tspan13,ATTGTTCGATAAGGCCGAGA,6,1,2,5,6,1,0
Tspan17,TGACGCACCTAAGCAAATTC,0,3,5,2,4,0,0
Tspan2,GATGATTTATCACGCGCGAC,1,4,6,3,5,1,1
Tspan3,GAACGCATCCGAACACTTAC,2,5,0,4,6,2,2
Tspan5,GATACCACGGACGCAAATTT,3,6,1,5,0,3,3
Tspan7,GTATTGTAGTCAACGCCGTC,4,0,2,6,1,4,4
Tspan9,TGAGCAGCGGTTTTCTATGA,5,1,3,0,2,5,5
Tspyl4,CGTTGATTATCGGGGTCATA,6,2,4,1,3,6,6
Ttc3,ATCTTCCATCACCGCAATCA,0,4,0,5,1,5,6
Ttc7b,CACAAGGGTGTATGACCAAG,1,5,1,6,2,6,0
Ttc9b,ATGGTTGTACGTAAAGTCGC,2,6,2,0,3,0,1
Ttll7,TTAGCGCATATGTGTTCACC,3,0,3,1,4,1,2
Ttyh1,TAATCCTACGTCCTGCTTGA,4,1,4,2,5,2,3
Ttyh3,CGTAGCATTTACACCGACAG,5,2,5,3,6,3,4
Tuba1b,GATAGAAGACAATGCGGCTG,6,3,6,4,0,4,5
Tuba4a,TCCTGTGATAGACGTACTGG,0,5,2,1,5,3,5
Tubb2a,TTATATTGGACCGTACCGAC,1,6,3,2,6,4,6
Tubb3,GTAGATAGCGACATGCTCCT,2,0,4,3,0,5,0
Tubb4a,GGCGTTGACTTACATCGTTC,3,1,5,4,1,6,1
Tubb4b,TTCCCAGCAAGATTCGTTCT,4,2,6,5,2,0,2
Tubb5,GGTCGTGTAATCCGGTTTTA,5,3,0,6,3,1,3
Txn1,AAGCACGGTACTTGCATTTC,6,4,1,0,4,2,4
Txndc15,GATAGTCTCGTAAGACGGCT,0,6,4,4,2,1,4
Txndc17,TGGTCTGGTCCGTTCTTAAT,1,0,5,5,3,2,5
Tyro3,TACGTAGTTCGCAAATTCCC,2,1,6,6,4,3,6
Ubc,GATTGGTTGTCCGGATCTAC,3,2,0,0,5,4,0
Ube2b,CTAGGACCGTACGAGAGTAT,4,3,1,1,6,5,1
Ube2e3,GAACCTCTTAATTGGGTGGT,5,4,2,2,0,6,2
Ube2m,GTGTGACTCGGTACATCTGA,6,5,3,3,1,0,3
Ube2ql1,CGTTTATTGCGGACTCTCTG,0,0,6,0,6,6,3
Ube2z,ATACTGTCGTTGTACTGGCT,1,1,0,1,0,0,4
Ubl3,ATGTCTATCGGTTCGCTCAA,2,2,1,2,1,1,5
Ubl5,TTAAAAGTTAGCCACGCTCC,3,3,2,3,2,2,6
Uchl1,TGCCTTAGCGAGTATCATCT,4,4,3,4,3,3,0
Ucp2,CATAGCTGTTGGACGTACAG,5,5,4,5,4,4,1
Cryba2,TTGTTTCCGAGATGCGTAAC,6,6,5,6,5,5,2
Crym,GAAGTATACGACGCTATGCG,0,1,1,3,3,4,2
Cspg5,CTATATCAACTCGGCCTTCC,1,2,2,4,4,5,3
Ctsb,TCGTCGTATATGCGTTGTCT,2,3,3,5,5,6,4
Ctsd,GTAGGCGGAATATTGACGTC,3,4,4,6,6,0,5
Ctxn1,GTGGTAGAATCGTGGTCAAC,4,5,5,0,0,1,6
Ctxn2,ACAACGCCTAAACTAAGTGC,5,6,6,1,1,2,0
Ctxn3,CTGGTCGAAGCCTCTAATGA,6,0,0,2,2,3,1
Cxcl12,TAATCAGCTTGTCGCCTTCA,0,3,0,1,2,6,2
Cxcl14,CGGTTATGCGGTCTTTCATT,1,4,1,2,3,0,3
Cygb,TGCAGAGGGACTTATCACTT,2,5,2,3,4,1,4
Cyp26b1,AACACTCATGCGCTAGTCAA,3,6,3,4,5,2,5
Dbh,TATGGTTATCGAAAGGCAGG,4,0,4,5,6,3,6
Dbi,GTACGTAGACGTATGGCATC,5,1,5,6,0,4,0
Dcn,TTGGACTCGTCTCGCATTAA,6,2,6,0,1,5,1
Ddc,TGTGTAATCGTGTCGCTGTA,0,4,2,4,6,4,1
Ddn,AAGGTGGAAGCTATCGAACT,1,5,3,5,0,5,2
Deptor,TATAACGTTTACGGGACTCG,2,6,4,6,1,6,3
Dgkg,CGAGATAATACGACTAGGCC,3,0,5,0,2,0,4
Dgkk,GATACGTATTTTGCGCGTCA,4,1,6,1,3,1,5
Diablo,GCATTTTACTCGTCGTCTGG,5,2,0,2,4,2,6
Diras1,TTTGTACGCTACATCGGTTC,6,3,1,3,5,3,0
Diras2,AGGGGTAATCTACGAGTGTT,0,5,4,0,3,2,0
Dkk3,TCTATCTAGCCCAATCCGTA,1,6,5,1,4,3,1
Dkkl1,AGAGTTGACGCCTGCTATTA,2,0,6,2,5,4,2
Dlk1,GGGTTAACGTCGTAATCGTT,3,1,0,3,6,5,3
Dlx1,GTGTTCGCGTAACTTCAGTG,4,2,1,4,0,6,4
Dlx6os1,ATCGTGTTAATTGCTTCCCG,5,3,2,5,1,0,5
Dmkn,AGTGCCTTTACTACGCAATC,6,4,3,6,2,1,6
Dner,CAGCGGATCACGTTAATCAG,0,6,6,3,0,0,6
Doc2a,GGCACTATAGTTCACGGATC,1,0,0,4,1,1,0
Dpy19l1,TGTGTCTACGTCCACGAAAT,2,1,1,5,2,2,1
Dusp1,GCTACGTTTTCTGGAACGAG,3,2,2,6,3,3,2
E530001K10Rik,TATGCCATTGGTCGAGAACT,4,3,3,0,4,4,3
Ebf1,TATTTGCACGGTTAACGGAT,5,4,4,1,5,5,4
Ebf3,AATATCTATCGCGACGGCTA,6,5,5,2,6,6,5
Ecel1,GTCTCGATCACTGACAGTCC,0,0,1,6,4,5,5
Efr3a,TGCGGATACATCTATCGGAT,1,1,2,0,5,6,6
Egln3,CGAAATTATCGGTTCGTGCT,2,2,3,1,6,0,0
Egr4,CGACAGAAGTTCGATTTGGG,3,3,4,2,0,1,1
Elavl2,TTCCATAACGCAAAGCTACC,4,4,5,3,1,2,2
Elavl4,ATACGCTCTTTTCGTGGTTG,5,5,6,4,2,3,3
Elfn1,AATAGGGCTTGATACTTCGG,6,6,0,5,3,4,4
Elovl5,CAGGATTTTCTACGCCGAAT,0,1,3,2,1,3,4
En1,TCATCAGAGTGCGTACTTCG,1,2,4,3,2,4,5
Enc1,TCATAAACGTCGGTCTAGGA,2,3,5,4,3,5,6
Enpp2,GGTTAACCGTCAATACGTGT,3,4,6,5,4,6,0
Ephb6,ATTTCTTGACGAGACGGAGG,4,5,0,6,5,0,1
Erbb4,ATAGATCGTGGTCTCGAACC,5,6,1,0,6,1,2
Etv1,AGCTATGACTAGACCCGTTT,6,0,2,1,0,2,3
Ufsp1,TTCTCCGTGATATGTAGGCA,0,2,5,5,5,1,3
Uhmk1,GTCGTCGAGATACGTACCTA,1,3,6,6,6,2,4
Unc13a,CTTGTATGGTAACGCAGGAA,2,4,0,0,0,3,5
Unc80,CTAGGTGTTAAGCCGTCAAA,3,5,1,1,1,4,6
Uqcr10,TACATACCGTCCACCTAAAC,4,6,2,2,2,5,0
Uqcr11,AATCGAGTCTTACTCCGACG,5,0,3,3,3,6,1
Uqcrb,TAGCTGTATAACCGCACTTG,6,1,4,4,4,0,2
Uqcrc1,CTTATATGGCGTAGCATGGT,0,5,5,2,5,2,2
Uqcrc2,GCATCGAGCAGTTATAGGAC,1,6,6,3,6,3,3
Uqcrfs1,ATTACAATTTCGGGCTTGGT,2,0,0,4,0,4,4
Uqcrh,GGGCTAGATTAAACTCGGAC,3,1,1,5,1,5,5
Usmg5,ATTAACCGTTCTTGCTAGCC,4,2,2,6,2,6,6
Usp22,TATTTGCGCATCGTCGTTTC,5,3,3,0,3,0,0
Usp46,CGCCTTCGGTTTTAACAAAC,6,4,4,1,4,1,1
Utrn,AGATTTGCCGTTTCGATTCG,0,6,0,5,2,0,1
Uts2b,AAACCGCCCTATATGAACAG,1,0,1,6,3,1,2
Vamp2,GCTATGACTCTTACGAACGC,2,1,2,0,4,2,3
Vapa,GTTGTTTCGTAACTACGGGA,3,2,3,1,5,3,4
Vapb,TGTATAGTTAGGGCCGTTTC,4,3,4,2,6,4,5
Wasf1,TAAGTTATAATGCTCGCGGC,5,4,5,3,0,5,6
Wbp2,GACGGGATATCTATACGACC,6,5,6,4,1,6,0
Wbp5,GCATACATTAATCGGCGGAT,0,0,2,1,6,5,0
Wbscr17,GGAGGACAGATCGAGGTAAT,1,1,3,2,0,6,1
Vdac1,CATGCTAAGGATCGTTGGAG,2,2,4,3,1,0,2
Vdac2,CACGTGATGTTCGTATGTCC,3,3,5,4,2,1,3
Vdac3,GCATACGGATTTTGTCGCTT,4,4,6,5,3,2,4
Wdr6,GATATCGCCCATCAGTTACG,5,5,0,6,4,3,5
Wdr7,ACACCCGAAATCGTTTTGAG,6,6,1,0,5,4,6
Wdr89,ACTTAGTCTTTTCGGGCTCA,0,1,4,4,3,3,6
Whrn,GACTATGATAGCGAACAGCC,1,2,5,5,4,4,0
Vimp,CTACTTGTCGGAGGTCAAGT,2,3,6,6,5,5,1
Vps29,TGGTCGCTTATACTGACGAA,3,4,0,0,6,6,2
Wsb2,TGTCGCTAATCCTTAGTCCA,4,5,1,1,0,0,3
Wscd1,ACGTTGTCTATTACCCGTAC,5,6,2,2,1,1,4
Ybx1,TGTCACAGAGGCGATTTCAT,6,0,3,3,2,2,5
Ywhab,TTTTGTGACGAACGCCAAAG,0,2,6,0,0,1,5
Ywhag,CATTAGTTGCGTACGTACCA,1,3,0,1,1,2,6
Ywhah,TACGCGAGACAGTCATTCAG,2,4,1,2,2,3,0
Ywhaz,GATAGCACGTTGCTGACTCT,3,5,2,3,3,4,1
Zbtb18,ATCTAGTTAGTACCGGGTCA,4,6,3,4,4,5,2
Zbtb7a,GACATGCGTCTGCTTAGAGT,5,0,4,5,5,6,3
Zcchc18,AGTGGAGACTTCGCTATACG,6,1,5,6,6,0,4
Zdhhc2,GACATGTTTTACGCGCAACT,0,3,1,3,4,6,4
Zfos1,CTCGGAATGGCGTTTACTAG,1,4,2,4,5,0,5
Zfp385b,GTATCGCGTAAGTTACTCCG,2,5,3,5,6,1,6
Zfp462,GAATAATTGTGCCGCTCCTT,3,6,4,6,0,2,0
Zfp536,GTCATGCTTGACGTGTGAGT,4,0,5,0,1,3,1
Zfp706,GCCGACCAATATCGTTTGTT,5,1,6,1,2,4,2
Zfp804a,GAGTCGATCTCGTCGTCTTC,6,2,0,2,3,5,3
Zmat2,TGCTGATTACATCCGCTGAT,0,4,3,6,1,4,3
Zmat4,TTTATGAACGACCTTGCCAG,1,5,4,0,2,5,4
Zwint,GCTTTTGTTTCGATTCCGCA,2,6,5,1,3,6,5
Zyg11b,GATTCTTGTCGTGATACGGC,3,0,6,2,4,0,6
Zyx,AGCCGATGAACAATAGCTGT,4,1,0,3,5,1,0
Evx1os,ATTGTAGATCGCCTTTTCGG,5,2,1,4,6,2,1
Fabp7,AGACACAACGTAGCCGATTA,6,3,2,5,0,3,2
Fam183b,TCTTAAGTCGACCCCTGATA,0,6,2,4,0,6,3
Fam19a1,TCAGCACTACGTCAAAGCTT,1,0,3,5,1,0,4
Fam19a2,CATTGTTCAGAAAGCGACGC,2,1,4,6,2,1,5
Fam20c,GTTCCTTACGTAGTACGTCC,3,2,5,0,3,2,6
Fam46a,AATAGTGTCCTCGTGTCGTT,4,3,6,1,4,3,0
Fam84a,TTGCTACAAGTTCGCAATGC,5,4,0,2,5,4,1
Fbxo2,CTGCTACGAGTCCATATCCT,6,5,1,3,6,5,2
Fev,CAATCACGGCACATCATAGC,0,0,4,0,4,4,2
Fezf2,TGACATCTAGGATCCACCAC,1,1,5,1,5,5,3
Fgf1,TTATGGCATTACGCGATCTG,2,2,6,2,6,6,4
Fgf13,AAACTCCGAATAAGCGCTTC,3,3,0,3,0,0,5
Fgfr1,CTGCGAGAATTAGGGATAGC,4,4,1,4,1,1,6
Fibcd1,TCCGCCTAGTGTAGATTACA,5,5,2,5,2,2,0
Fign,CGTATGGAATCACGCCTAAT,6,6,3,6,3,3,1
Fjx1,GTTTCTTTACCGTGACCGAC,0,1,6,3,1,2,1
Fkbp1b,TAACGGTCATTATGCGCATG,1,2,0,4,2,3,2
Fn1,AGGTCACTATCGTAGTCACG,2,3,1,5,3,4,3
Fndc5,GATATACCGAAACCCCTGTA,3,4,2,6,4,5,4
Fos,ATACTTCGAAATGCGGGTTG,4,5,3,0,5,6,5
Foxp2,TGAGCGTTGTCGAAGTGTAA,5,6,4,1,6,0,6
Fst,CGGACTCGCAATGACATTAG,6,0,5,2,0,1,0
Fstl5,CTAATTCCCCGGATTAAACC,0,2,1,6,5,0,0
Fth1,AAGGTGTAAGCGGAACTTTC,1,3,2,0,6,1,1
Ftl1,GTGTTGTCGAAGCGTCAGAT,2,4,3,1,0,2,2
Fxyd6,ACCAGATGAATCGCGTGTTA,3,5,4,2,1,3,3
Fxyd7,GTGTTAGAAGATAGCGACCG,4,6,5,3,2,4,4
Gabre,TAGCATTCAAACGACCCAAC,5,0,6,4,3,5,5
Gabrg1,GGGGATATGTACGTTTGCTA,6,1,0,5,4,6,6
Gabrq,GTTTTCGTAACAGAGCCTCC,0,3,3,2,2,5,6
Gad1,ACTACGGAGAGTGATCTCGA,1,4,4,3,3,6,0
Gad2,GTTTAGTTTACCGGACCACT,2,5,5,4,4,0,1
Gadd45g,CTTATTCACGTATTGGCCCA,3,6,6,5,5,1,2
Gal,GTAGTTTAGGACCGCGATTT,4,0,0,6,6,2,3
Galnt14,TAGACTAAGCCGGTTCAGAG,5,1,1,0,0,3,4
Gap43,GCGTTAGGTCTACGCTTTAG,6,2,2,1,1,4,5
Garnl3,TGATTTGAGTCTCGTTGCGT,0,4,5,5,6,3,5
Gata2,TGTCGTTACGGATAACTCCA,1,5,6,6,0,4,6
Gch1,GGGTCGGTATCCATATCTTT,2,6,0,0,1,5,0
Gchfr,CCGATCAGCTATATATCGCG,3,0,1,1,2,6,1
Gda,TAAGTAGTCTCGGCAACCAT,4,1,2,2,3,0,2
Gfra1,AAGAAATATAACGCGACGCG,5,2,3,3,4,1,3
Gjd2,TCTAATATGGTTACGCCAGC,6,3,4,4,5,2,4
Glra2,CTTCGAACGTTTCGGCTTAG,0,5,0,1,3,1,4
Gm10605,CCTTGATTTCGCACCGATTT,1,6,1,2,4,2,5
Gm11744,TAGCTTAATACGGCTTACGG,2,0,2,3,5,3,6
Gm13205,CTTTTAGACGGCTCGATTGC,3,1,3,4,6,4,0
Gm13629,CGTAATCATTTGCGCAGGAA,4,2,4,5,0,5,1
Gm17750,ATGACCGGCCTAATGTAATC,5,3,5,6,1,6,2
Gm2115,CTCATACGAATACGTCTGCC,6,4,6,0,2,0,3
Gm2694,GTTGACTAGTACCGGACTTG,0,0,6,6,2,3,4
Gm42418,AGCGTATAGATGTACTCCCA,1,1,0,0,3,4,5
Gm5741,GATTTCATCATTCGCGCGTT,2,2,1,1,4,5,6
Gm8797,ATGTGTATTCCTCGGAGGTT,3,3,2,2,5,6,0
Gnai2,CATGTTGGCTCCTATCGTTC,4,4,3,3,6,0,1
Gnas,CACGGTAACGCCAATATAGT,5,5,4,4,0,1,2
Gnb4,ACGGTAAGTCTACCTAAGCT,6,6,5,5,1,2,3
Gng4,TACTCGTGTGCAAAACCATG,0,1,1,2,6,1,3
Gng8,TTCGATATCGTCCCACTACT,1,2,2,3,0,2,4
Gnrh1,TAAACTTTACGAGTTCGCCG,2,3,3,4,1,3,5
Gpd1,CCTCTGTAAAGATCGTCGCT,3,4,4,5,2,4,6
Gpm6a,CTTGTGTGATGATCGAGCGT,4,5,5,6,3,5,0
Gpr101,ACAGTATCATTCTCGCGCTC,5,6,6,0,4,6,1
Gpr26,ATAATCGTGCAACAACGGTC,6,0,0,1,5,0,2
Gpr83,GTTTGTTTCCGTACGAGTCC,0,2,3,5,3,6,2
Gpr88,CTAACGAACCGCATCAAACT,1,3,4,6,4,0,3
Gprc5b,GTCGTATATGACCACGCATC,2,4,5,0,5,1,4
Gpx2,ACGCTTTTCGGAAGAAGTCA,3,5,6,1,6,2,5
Gpx3,CTTACGTACGCAACAAGAGC,4,6,0,2,0,3,6
Gria2,TTCGCTAAAGCTTCCGTTTC,5,0,1,3,1,4,0
Grid2,CAATGGGATCGTACCTGAAG,6,1,2,4,2,5,1
Grik3,GTAGTATGAACGGACTGCAC,0,3,5,1,0,4,1
Grin2a,CTCAACGTAACATCCACACC,1,4,6,2,1,5,2
Grin2b,CAGATTATGACGCGAATCGG,2,5,0,3,2,6,3
Grin3a,ATCATCTGACGGGAACGTTA,3,6,1,4,3,0,4
Grm5,AATACGATACCCGGTATGTC,4,0,2,5,4,1,5
Gsg1l,TAGTTAACCTCTTGCGCAAC,5,1,3,6,5,2,6
Gsta4,ATGGACTACGCTCTCTACTG,6,2,4,0,6,3,0
Gstm1,TTGGCGTAACTACTAATCGG,0,4,0,4,4,2,0
Gucy1a3,CTAAAAGAGTGATCCCGGTC,1,5,1,5,5,3,1
Hap1,TGTTCTTAATCGCCCAATGC,2,6,2,6,6,4,2
Hapln1,TTGTTACGTTTGGTCCCAAG,3,0,3,0,0,5,3
Hapln4,GTCGTGCATCCACTAAATCC,4,1,4,1,1,6,4
Hcn1,ACATGTAATTTCGGGGTGTC,5,2,5,2,2,0,5
Hcrt,AGATTAGGTGCCGACTGAAA,6,3,6,3,3,1,6
Hcrtr1,GTTAAATGCTAAACCGCTGG,0,5,2,0,1,0,6
Hhip,ACCGTTATAGCTACTCCTGT,1,6,3,1,2,1,0
Hist1h2bc,CATCCGCGCATCTCAAATTT,2,0,4,2,3,2,1
Hk2,TTGTATTTCCCCATCGATCG,3,1,5,3,4,3,2
Hlf,GAATAATCACGCCCGTTTCA,4,2,6,4,5,4,3
Hopx,TATAACGCAATTTCGCTGGT,5,3,0,5,6,5,4
Hoxb8,ATTGCCGAGTTTATGGCTTT,6,4,1,6,0,6,5
Hpca,ACGCTATTTTGTTCGGTACC,0,6,4,3,5,5,5
Hpcal1,TTGTCCGAGGGTCTATACAA,1,0,5,4,6,6,6
Hs3st2,GATGGTCCGTCTACGATCTT,2,1,6,5,0,0,0
Hs3st4,AGTCTCGTTTCATTACCGCA,3,2,0,6,1,1,1
Hs6st2,CATTCGTTGGCTTTACCGTA,4,3,1,0,2,2,2
Hspa1a,GCTCGGATAAGGTAGCTAAC,5,4,2,1,3,3,3
Htr1a,TCCGGCTGATATCATCGTTA,6,5,3,2,4,4,4
Htr1b,GCGAATCGAGTTCGTAGTTG,0,1,3,1,4,0,5
Htr2c,GTATTAGTCGATCGCAAGGG,1,2,4,2,5,1,6
Htr3a,TAGAGCACGGTTGTACGATT,2,3,5,3,6,2,0
Id2,TTGCTTATCGCTATTACGGC,3,4,6,4,0,3,1
Ifi27l2a,ATAACGATTCGTCTAGCCCA,4,5,0,5,1,4,2
Ifitm10,CGACTGCCGACATGATCTAT,5,6,1,6,2,5,3
Igf1,ATGCTACTGCCGTGATATGA,6,0,2,0,3,6,4
Igfbp2,GCTATCAGGTTACCGCAAAA,0,2,5,4,1,5,4
Igfbp4,GGCCGAAATAACGATATTGG,1,3,6,5,2,6,5
Igfbp5,TCGAGGTTATCGCATTCGAT,2,4,0,6,3,0,6
Igfbp6,GACTAGGAGTCGTTCCATCA,3,5,1,0,4,1,0
Igfbp7,GGTGCTGTCGTATCTTGAGA,4,6,2,1,5,2,1
Igfbpl1,AAACCTTTCGGTCGCTAAAC,5,0,3,2,6,3,2
Il11ra1,TAGTTAGAGCCTCCGTCAAT,6,1,4,3,0,4,3
Impact,AGCCGCAGTAAGGATATCTA,0,3,0,0,5,3,3
Inhba,TTCAACGGAGTTAATCGTGC,1,4,1,1,6,4,4
Ipcef1,AATGCTATCAGGTGTCGGTA,2,5,2,2,0,5,5
Irs4,GGAGAGCCGTTTTAACGATC,3,6,3,3,1,6,6
Irx2,TTCAGGCGTATCTTCGAGTT,4,0,4,4,2,0,0
Isl1,GTTACACTTATGACTCCGGG,5,1,5,5,3,1,1
Islr2,CTCATGAATTGCCACGGTAA,6,2,6,6,4,2,2
Itm2b,GTGATCGTCTTTAGCGTACG,0,4,2,3,2,1,2
Itpr1,GTTATAAGGGCATCCGTCAA,1,5,3,4,3,2,3
Jsrp1,GTGGGATGTACGTCATGAAC,2,6,4,5,4,3,4
Junb,CGTAACACGCTAATCGATCG,3,0,5,6,5,4,5
Kcnab1,GGGCCGTTTAGACTGTTAAT,4,1,6,0,6,5,6
Kcnab3,ATCGATGCGTTGCTTCAAAC,5,2,0,1,0,6,0
Kcnc1,GAGTGGTTGCGATCTAAAGC,6,3,1,2,1,0,1
Kcnc2,CAAGCGACAGTTCTCGTCAA,0,5,4,6,6,6,1
Kcnc3,GTTACGATCGGTGTGGATAC,1,6,5,0,0,0,2
Kcnd3,ATTGAGCTCGCACATCGATA,2,0,6,1,1,1,3
Kcng1,TCCGATTGTTCGTGACACTC,3,1,0,2,2,2,4
Kcng4,GAATATGCCTTAACGCCTCA,4,2,1,3,3,3,5
Kcnip1,CGGTGTCTATTCAAACGGAC,5,3,2,4,4,4,6
Kcnip2,GCGTAGTCGATATATTCGGC,6,4,3,5,5,5,0
Kcnk2,CGTAGGCGTATTAAGCTCAG,0,6,6,2,3,4,0
Kcnk3,TCTAAGTCGTCGTCAAGAGC,1,0,0,3,4,5,1
Kctd12,CTGGTCGGTATAGCACTAAC,2,1,1,4,5,6,2
Kit,ATTGTAGCAATCCCGCATTC,3,2,2,5,6,0,3
Klhl13,GTGCCGTAGTTACACTGTTG,4,3,3,6,0,1,4
Krt12,GCTAGCCCGTTAGTAACTAG,5,4,4,0,1,2,5
Krt73,GTGGACAGCGATCGTTTTAC,6,5,5,1,2,3,6
Lamb1,GCTCATGATACGTTACCTCG,0,0,1,5,0,2,6
Lamp5,GGTGGAGATCAATCGTTTCG,1,1,2,6,1,3,0
Ldhb,ATTAGCGTTTCGAGGTCGAA,2,2,3,0,2,4,1
Lgals1,CGCACGGATCTCTTAACTTG,3,3,4,1,3,5,2
Lgi2,ATTTGGTGTTACGACTACGC,4,4,5,2,4,6,3
Lhx1os,CTAGTGAGCGTACTACGTCT,5,5,6,3,5,0,4
Lhx2,TTTGGTCGCGTTACTCTAGA,6,6,0,4,6,1,5
Lhx6,ATTCTTATCATACGCAGCCG,0,2,0,3,6,4,6
Lhx8,GATTTGACACGGCTATCCTC,1,3,1,4,0,5,0
Lingo1,GACGTGGCTAACGCTATTTA,2,4,2,5,1,6,1
Lmo1,TGTACGCAAGTTCGGAAATC,3,5,3,6,2,0,2
Lmo3,TTATACGTACTCCCTGCTCA,4,6,4,0,3,1,3
Lpl,CCTGTGAGTAACGGTCAAAG,5,0,5,1,4,2,4
Lrrc55,TCTTAGCGTTGATGGAACGA,6,1,6,2,5,3,5
Lsamp,CGGTCGATGTTTCACTAACG,0,3,2,6,3,2,5
Lxn,TCTGTTGTCCGAGGTTCTTC,1,4,3,0,4,3,6
Ly6d,AGGGCTTTTATCGAACTACC,2,5,4,1,5,4,0
Ly6h,TACACTACCCTTCGTTCCTA,3,6,5,2,6,5,1
Lypd1,TGTTATACTACGCCGTATCG,4,0,6,3,0,6,2
Lypd6,ATTCCTACGTTCGCACAGAA,5,1,0,4,1,0,3
Lypd6b,CTGGATTCGTCGCAAGTTTC,6,2,1,5,2,1,4
Maf,ACTGAATAGCTTCTCGCGTT,0,4,4,2,0,0,4
Mafb,TTCTTGCCGTTAGTTCCTGA,1,5,5,3,1,1,5
Mag,GCTTTCGACGTGCAATTCTG,2,6,6,4,2,2,6
Mal,TTTATGCGCTGTTACGGAAT,3,0,0,5,3,3,0
Maoa,GTCACGTATGCGAGCAAAAG,4,1,1,6,4,4,1
Maob,TTCTCTTAGTAGAGGGCCAG,5,2,2,0,5,5,2
Mapt,ACTGCGACTTATTCCTTGGA,6,3,3,1,6,6,3
Marcks,GGTTCATATCCGCTATACCA,0,5,6,5,4,5,3
Marcksl1,TTATAACTTTGTCGGTGCCG,1,6,0,6,5,6,4
Mbp,GTTCGTGCCTAGTTCGTAAC,2,0,1,0,6,0,5
Mdga1,TTACAGTCGTCGGTCCTAAA,3,1,2,1,0,1,6
Mef2c,GATTTTGCTTCTAAGCGCGA,4,2,3,2,1,2,0
Meg3,GATTCACAGCTACTCGCGAT,5,3,4,3,2,3,1
Megf11,GTGACGAGGTCAACTCTGTT,6,4,5,4,3,4,2
Meis2,GCGCATGAGTATGAAACGTG,0,6,1,1,1,3,2
Mgat4c,GCCACTATATTGTAACGCCT,1,0,2,2,2,4,3
Mia,GGTCTAAGTCTCGACTACGT,2,1,3,3,3,5,4
Mif,CCTACCAATTCTCGGTTGTT,3,2,4,4,4,6,5
Mobp,GCGTATTCTAATCACTCGCG,4,3,5,5,5,0,6
Mog,GGAGTAAATGTTCGCACGTC,5,4,6,6,6,1,0
Mpped1,TAACTTACACCCGTGACAAC,6,5,0,0,0,2,1
Mpped2,ACTTTAGGTCTCGCGTTACT,0,0,3,4,5,1,1
Msi2,CATCTCGGCGTCTCATAGAT,1,1,4,5,6,2,2
Msn,GGCAATAAGTCGGTTCCATA,2,2,5,6,0,3,3
Mt1,GGAACTATTTGAGCCGGTAT,3,3,6,0,1,4,4
Mt3,CATGTAACTACGCGGACATC,4,4,0,1,2,5,5
mt-Cytb,GTTATCACTACGTTACCCCA,5,5,1,2,3,6,6
mt-Nd1,GTTATACAGAGTGCCCGAAC,6,6,2,3,4,0,0
Myh7,GTCGTAATAAGATCGTGCCC,0,1,5,0,2,6,0
Myl1,ATGACTCCTGAGCGATGTTC,1,2,6,1,3,0,1
Myl4,GATAGCGGTCACGTATGTAG,2,3,0,2,4,1,2
Mylk,GAACTTTGCTGATCGGTTGG,3,4,1,3,5,2,3
Nap1l5,CCACGAAGGCGATAAACTAT,4,5,2,4,6,3,4
Nceh1,TTTGAACCGTACAGAGCACT,5,6,3,5,0,4,5
Ndnf,AATCGCGCTAATATGCCAAG,6,0,4,6,1,5,6
Ndst4,GTGACGTCCTGACGATTTGA,0,3,4,5,1,1,0
Ndufa11,TCGTCGGTTTAAATACGTCC,1,4,5,6,2,2,1
Ndufa4,CTCCCTATGCTACGATTAGC,2,5,6,0,3,3,2
Necab1,CCATAGTATTGCGATAGGGT,3,6,0,1,4,4,3
Necab2,AGCACCGATTACAGCTCTAT,4,0,1,2,5,5,4
Nefh,TAATTACGGAGGACATGCAC,5,1,2,3,6,6,5
Nefl,TATCGCGACCCATCTAACTT,6,2,3,4,0,0,6
Nefm,CCTAATGCGGAGTCGTAATC,0,4,6,1,5,6,6
Nek7,TCGATTCAACTTACTCGGGT,1,5,0,2,6,0,0
Nell1,TACATACTCGCAACGGTTTC,2,6,1,3,0,1,1
Neto2,CATTGGACGCACACCTATAG,3,0,2,4,1,2,2
Neurod2,TAGCTACGATAGGCGTCTAT,4,1,3,5,2,3,3
Neurod6,TGGTTTATATACGTCACCCG,5,2,4,6,3,4,4
Nfia,AGAAATTGTAACGGTCCCTG,6,3,5,0,4,5,5
Nfib,CACCAATACGTAACGACCTT,0,5,1,4,2,4,5
Nfix,CACTCCCGGTTCTTACTTTT,1,6,2,5,3,5,6
Ngb,AAGTACCAAACGCCGTTATC,2,0,3,6,4,6,0
Ngfr,GCCTAACCGCATATTATTCC,3,1,4,0,5,0,1
Nnat,GATCATGCAATCAAGCGGAG,4,2,5,1,6,1,2
Nos1,TCTTACGTTCACGCACTAGT,5,3,6,2,0,2,3
Nos1ap,TAGCAGCGCAACTAAGTACT,6,4,0,3,1,3,4
Nov,GTCTAGTCCCTTAGTTAGGC,0,6,3,0,6,2,4
Npas1,GCTTATCTAGAGCGTCTCCT,1,0,4,1,0,3,5
Npas3,CGTTACTATGCTTCGACCTC,2,1,5,2,1,4,6
Npas4,TATCTCAAAAGCGGAGAGGT,3,2,6,3,2,5,0
Npff,TCCAGGTGATTACCGACTTA,4,3,0,4,3,6,1
Npnt,CAACGGACGACTAAATGGAG,5,4,1,5,4,0,2
Nppa,ATTCTAAGTCAACGACCCCA,6,5,2,6,5,1,3
Nppc,GCGGAGTTCGCTAACATATC,0,0,5,3,3,0,3
Nptx1,AGTCTGTAGGTACGGAGTTG,1,1,6,4,4,1,4
Nptx2,CCTATAGGTTCGTAGATGCG,2,2,0,5,5,2,5
Nptxr,CGGATTTTCGCGTGTAATGT,3,3,1,6,6,3,6
Npw,GTGATCGCTGTGCATGAATC,4,4,2,0,0,4,0
Npy,GTATACGCCAGCGAGTTATA,5,5,3,1,1,5,1
Npy2r,CATGGCATTCGTTGAAACCT,6,6,4,2,2,6,2
Nr2f2,TCAACGTTTTCCGAGATCGA,0,1,0,6,0,5,2
Nr4a2,GGATGTAAAACCTCGACGTG,1,2,1,0,1,6,3
Nr4a3,GTTTGTTGTCCTACCGTCAG,2,3,2,1,2,0,4
Nrep,TACACGACCCAAACTCTCTA,3,4,3,2,3,1,5
Nrgn,TGATCAACTAGTGTCGTCGC,4,5,4,3,4,2,6
Nrn1,CCGTTAGGGATATGCGTTAT,5,6,5,4,5,3,0
Nrsn1,CGGAATCGTAATCAGTGACC,6,0,6,5,6,4,1
Nrsn2,CTGACGGTTACATCGCTTTT,0,2,2,2,4,3,1
Nrtn,GCTTATTCAACTCGTGTCGG,1,3,3,3,5,4,2
Nrxn1,CTTATTGATGACGCTGAGGG,2,4,4,4,6,5,3
Nrxn2,GTATTGACATCGCGGATCAC,3,5,5,5,0,6,4
Nrxn3,GTCTAGTTTAACGCCGCTAA,4,6,6,6,1,0,5
Nsg2,TACGATAACTATGCCGTTCG,5,0,0,0,2,1,6
Ntm,GCTTATTATCGATACGCCGT,6,1,1,1,3,2,0
Ntn1,TTGTCGATTGTACCCGATTG,0,4,1,0,3,5,1
Ntng1,TAGCTGCGATCATACCAAGT,1,5,2,1,4,6,2
Ntrk1,AGGTTATTCCGAGCGATGTA,2,6,3,2,5,0,3
